NC_045512	AA	Genomic	Annotation	Impact	Reference	Variant
1	M	266	leader protein			yes
2	E	269	leader protein			yes
3	S	272				yes
4	L	275				yes
5	V	278	leader protein			yes
6	P	281				yes
7	G	284	"nsp2 shown to be dispensable for the viability of coronavirus, MHV P65 homolog"		"10.1007/s13238-010-0028-8, 10.1016/j.str.2004.01.016"	yes
8	F	287	"nsp2 shown to be dispensable for the viability of coronavirus, MHV P65 homolog"		"10.1007/s13238-010-0028-8, 10.1016/j.str.2004.01.016"	yes
9	N	290	"nsp2 shown to be dispensable for the viability of coronavirus, MHV P65 homolog"		"10.1007/s13238-010-0028-8, 10.1016/j.str.2004.01.016"	yes
10	E	293	"nsp2 shown to be dispensable for the viability of coronavirus, MHV P65 homolog"		"10.1007/s13238-010-0028-8, 10.1016/j.str.2004.01.016"	yes
11	K	296	"nsp2 shown to be dispensable for the viability of coronavirus, MHV P65 homolog"		"10.1007/s13238-010-0028-8, 10.1016/j.str.2004.01.016"	yes
12	T	299	"nsp2 shown to be dispensable for the viability of coronavirus, MHV P65 homolog"		"10.1007/s13238-010-0028-8, 10.1016/j.str.2004.01.016"	yes
13	H	302	"nsp2 shown to be dispensable for the viability of coronavirus, MHV P65 homolog"		"10.1007/s13238-010-0028-8, 10.1016/j.str.2004.01.016"	yes
14	V	305	"nsp2 shown to be dispensable for the viability of coronavirus, MHV P65 homolog"		"nsp2 shown to be dispensable for the viability of coronavirus, MHV P65 homolog"	yes
15	Q	308	"nsp2 shown to be dispensable for the viability of coronavirus, MHV P65 homolog"		"10.1007/s13238-010-0028-8, 10.1016/j.str.2004.01.016"	yes
16	L	311	"nsp2 shown to be dispensable for the viability of coronavirus, MHV P65 homolog"		"10.1007/s13238-010-0028-8, 10.1016/j.str.2004.01.016"	yes
17	S	314	"nsp2 shown to be dispensable for the viability of coronavirus, MHV P65 homolog"		"nsp2 shown to be dispensable for the viability of coronavirus, MHV P65 homolog"	yes
18	L	317	"nsp2 shown to be dispensable for the viability of coronavirus, MHV P65 homolog"		"10.1007/s13238-010-0028-8, 10.1016/j.str.2004.01.016"	yes
19	P	320				yes
20	V	323	"nsp2 shown to be dispensable for the viability of coronavirus, MHV P65 homolog"		"10.1007/s13238-010-0028-8, 10.1016/j.str.2004.01.016"	yes
21	L	326	"nsp2 shown to be dispensable for the viability of coronavirus, MHV P65 homolog"		"10.1007/s13238-010-0028-8, 10.1016/j.str.2004.01.016"	yes
22	Q	329	"nsp2 shown to be dispensable for the viability of coronavirus, MHV P65 homolog"		"10.1007/s13238-010-0028-8, 10.1016/j.str.2004.01.016"	yes
23	V	332				yes
24	R	335	"nsp2 shown to be dispensable for the viability of coronavirus, MHV P65 homolog"		"10.1007/s13238-010-0028-8, 10.1016/j.str.2004.01.016"	yes
25	D	338	"nsp2 shown to be dispensable for the viability of coronavirus, MHV P65 homolog"		"10.1007/s13238-010-0028-8, 10.1016/j.str.2004.01.016"	yes
26	V	341	"nsp2 shown to be dispensable for the viability of coronavirus, MHV P65 homolog"		"10.1007/s13238-010-0028-8, 10.1016/j.str.2004.01.016"	yes
27	L	344	"nsp2 shown to be dispensable for the viability of coronavirus, MHV P65 homolog"		"10.1007/s13238-010-0028-8, 10.1016/j.str.2004.01.016"	yes
28	V	347	"nsp2 shown to be dispensable for the viability of coronavirus, MHV P65 homolog"		"10.1007/s13238-010-0028-8, 10.1016/j.str.2004.01.016"	yes
29	R	350	"nsp2 shown to be dispensable for the viability of coronavirus, MHV P65 homolog"		"10.1007/s13238-010-0028-8, 10.1016/j.str.2004.01.016"	yes
30	G	353	"nsp2 shown to be dispensable for the viability of coronavirus, MHV P65 homolog"		"10.1007/s13238-010-0028-8, 10.1016/j.str.2004.01.016"	yes
31	F	356				yes
32	G	359	"PLpro, Glu-rich acidic acidic (AD) domain, interacts with GST-nsp9"		"10.1128/jvi.00017-07, 10.1016/j.virusres.2007.11.017"	yes
33	D	362				yes
34	S	365	"PLpro, Glu-rich acidic acidic (AD) domain, interacts with GST-nsp9"		"10.1128/jvi.00017-07, 10.1016/j.virusres.2007.11.017, 10.1016/j.ygeno.2020.04.016"	yes
35	V	368	"PLpro, Glu-rich acidic acidic (AD)  domain, interacts with GST-nsp9"		"10.1128/jvi.00017-07, 10.1016/j.virusres.2007.11.017"	yes
36	E	371	"PLpro, X domain with poly(ADP-ribose) binding properties"		"10.1128/jvi.00017-07, 10.1016/j.virusres.2007.11.017"	yes
37	E	374	"PLpro, X domain with poly(ADP-ribose) binding properties"		"10.1128/jvi.00017-07, 10.1016/j.virusres.2007.11.017"	yes
38	V	377	"PLpro, X domain with poly(ADP-ribose) binding properties"		"10.1128/jvi.00017-07, 10.1016/j.virusres.2007.11.017"	yes
39	L	380	"PLpro, X domain with poly(ADP-ribose) binding properties"		"10.1128/jvi.00017-07, 10.1016/j.virusres.2007.11.017"	yes
40	S	383	"PLpro, X domain with poly(ADP-ribose) binding properties"		"10.1128/jvi.00017-07, 10.1016/j.virusres.2007.11.017"	yes
41	E	386	SUD Domain		"10.1128/jvi.00017-07, 10.1016/j.virusres.2007.11.017"	yes
42	A	389	"SUDcore (for SARS-CoV Unique Domain, an insertion not found in any other coronavirus thus far) "		10.1371/journal.ppat.1000428	yes
43	R	392				yes
44	Q	395	"PLpro, SUDcore with a specific affinity for oligo(G)-strings , interacts with GST-nsp9, The N-terminal subdomain (SUD-N)"		"10.1128/jvi.00017-07, https://dx.plos.org/10.1371/journal.ppat.1000428, 10.1016/j.virusres.2007.11.017"	yes
45	H	398				yes
46	L	401	"PLpro, SUDcore with a specific affinity for oligo(G)-strings , interacts with GST-nsp9. middle SUD subdomain (SUD-M)"		10.1371/journal.ppat.1000428	yes
47	K	404	"PLpro, SUDcore with a specific affinity for oligo(G)-strings , interacts with GST-nsp9. middle SUD subdomain (SUD-M)"		"10.1128/jvi.00017-07, https://dx.plos.org/10.1371/journal.ppat.1000428, 10.1016/j.virusres.2007.11.017"	yes
48	D	407	"PLpro, SUDcore with a specific affinity for oligo(G)-strings , interacts with GST-nsp10. middle SUD subdomain (SUD-M)"		"10.1128/jvi.00017-07, https://dx.plos.org/10.1371/journal.ppat.1000428, 10.1016/j.virusres.2007.11.017"	yes
49	G	410	"PLpro, SUDcore with a specific affinity for oligo(G)-strings , interacts with GST-nsp9. middle SUD subdomain (SUD-M)"		"10.1128/jvi.00017-07, https://dx.plos.org/10.1371/journal.ppat.1000428, 10.1016/j.virusres.2007.11.017"	yes
50	T	413	"PLpro, papain-like proteinase (PLP2) domain, interacts with GST-nsp9"		"10.1128/jvi.00017-07, 10.1016/j.virusres.2007.11.017"	yes
51	C	416	"PLpro, PLP2 domain, interacts with GST-nsp9"		"10.1128/jvi.00017-07, 10.1016/j.virusres.2007.11.017"	yes
52	G	419				no
53	L	422	"PLpro, PLP2 domain, interacts with GST-nsp9"		"10.1128/jvi.00017-07, 10.1016/j.virusres.2007.11.017"	yes
54	V	425	"PLpro, PLP2 domain, interacts with GST-nsp9"		"10.1128/jvi.00017-07, 10.1016/j.virusres.2007.11.017"	yes
55	E	428	"PLpro, PLP2 domain, interacts with GST-nsp9"		"10.1128/jvi.00017-07, 10.1016/j.virusres.2007.11.017"	yes
56	V	431	"PLpro, PLP2 domain, papain-like noncanonical (PLnc), exhibit deubiquitinating activity, interacts with GST-nsp9"		"10.1128/jvi.00017-07, 10.1016/j.virusres.2007.11.017"	yes
57	E	434	"PLpro, PLP2 domain, papain-like noncanonical (PLnc), exhibit deubiquitinating activity, interacts with GST-nsp9"		"10.1128/jvi.00017-07, 10.1016/j.virusres.2007.11.017"	yes
58	K	437	"PLpro, PLnc domain"		"10.1128/jvi.00017-07, 10.1016/j.virusres.2007.11.017"	yes
59	G	440	"PLpro, PLnc domain"		"10.1128/jvi.00017-07, 10.1016/j.virusres.2007.11.017"	yes
60	V	443	"PLpro, PLnc domain"		"10.1128/jvi.00017-07, 10.1016/j.virusres.2007.11.017"	yes
61	L	446	"PLpro, papain-like noncanonical (PLnc)"		"10.1128/jvi.00017-07, 10.1016/j.virusres.2007.11.017"	yes
62	P	449	"PLpro, papain-like noncanonical (PLnc) domain, interacts with GST-nsp9 ,"		"10.1128/jvi.00017-07, 10.1016/j.virusres.2007.11.017"	yes
63	Q	452	"PLpro, papain-like noncanonical (PLnc)"		"10.1128/jvi.00017-07, 10.1016/j.virusres.2007.11.017"	yes
64	L	455	"PLpro, Y domain, transmembrane domain, interacts with GST-nsp9 , Y domain has “no obvious role in RNA synthesis. Therefore, it is logical to propose that they may rather play a role in virus-host interactions to, e.g. modulate immunity and/or pathogenesis.”"		"10.1128/jvi.00017-07, 10.1016/j.virusres.2007.11.017"	yes
65	E	458	"PLpro, Y domain, transmembrane domain, interacts with GST-nsp9 , Y domain has “no obvious role in RNA synthesis. Therefore, it is logical to propose that they may rather play a role in virus-host interactions to, e.g. modulate immunity and/or pathogenesis.”"		"10.1128/jvi.00017-07, 10.1016/j.virusres.2007.11.017"	yes
66	Q	461				yes
67	P	464	"PLpro, Catalytic domain, Y domain, Y domain has “no obvious role in RNA synthesis. Therefore, it is logical to propose that they may rather play a role in virus-host interactions to, e.g. modulate immunity and/or pathogenesis.”"		"10.1002/cmdc.202000223, 10.1128/jvi.00017-07, 10.1016/j.virusres.2007.11.017"	yes
68	Y	467	"PLpro, Catalytic domain, Y domain, Y domain has “no obvious role in RNA synthesis. Therefore, it is logical to propose that they may rather play a role in virus-host interactions to, e.g. modulate immunity and/or pathogenesis.”"		"10.1002/cmdc.202000223, 10.1128/jvi.00017-07, 10.1016/j.virusres.2007.11.017"	yes
69	V	470	"PLpro, Catalytic domain, Y domain, Y domain has “no obvious role in RNA synthesis. Therefore, it is logical to propose that they may rather play a role in virus-host interactions to, e.g. modulate immunity and/or pathogenesis.”"		"10.1002/cmdc.202000223, 10.1128/jvi.00017-07, 10.1016/j.virusres.2007.11.017"	yes
70	F	473	"PLpro, Catalytic domain, Y domain, Y domain has “no obvious role in RNA synthesis. Therefore, it is logical to propose that they may rather play a role in virus-host interactions to, e.g. modulate immunity and/or pathogenesis.”"		"10.1002/cmdc.202000223, 10.1128/jvi.00017-07, 10.1016/j.virusres.2007.11.017"	yes
71	I	476	"PLpro, Catalytic domain, Y domain, Y domain has “no obvious role in RNA synthesis. Therefore, it is logical to propose that they may rather play a role in virus-host interactions to, e.g. modulate immunity and/or pathogenesis.”"		"10.1002/cmdc.202000223, 10.1128/jvi.00017-07, 10.1016/j.virusres.2007.11.017"	yes
72	K	479			na	yes
73	R	482	"PLpro, Catalytic domain, Y domain, Y domain has “no obvious role in RNA synthesis. Therefore, it is logical to propose that they may rather play a role in virus-host interactions to, e.g. modulate immunity and/or pathogenesis.”"		"10.1002/cmdc.202000223, 10.1128/jvi.00017-07, 10.1016/j.virusres.2007.11.017"	yes
74	S	485				yes
75	D	488				yes
76	A	491				yes
77	R	494				yes
78	T	497				yes
79	A	500				yes
80	P	503				yes
81	H	506				yes
82	G	509				yes
83	H	512				yes
84	V	515				yes
85	M	518				yes
86	V	521	Two beta barrel Catalytic fold 		10.1021/bi0616302	yes
87	E	524	Two beta barrel Catalytic fold 		10.1021/bi0616302	yes
88	L	527	Two beta barrel Catalytic fold 		10.1021/bi0616302	yes
89	V	530	Two beta barrel Catalytic fold 		"10.1016/j.pbiomolbio.2018.08.009, 10.1021/bi0616302"	yes
90	A	533	"Variable position between SARS(S) and SARS2(A), Two beta barrel Catalytic fold"		10.12688/f1000research.22457.2	yes
91	E	536	Two beta barrel Catalytic fold 		10.1021/bi0616302	yes
92	L	539	Globular domain		10.1021/bi0616302	yes
93	E	542	Globular domain		10.1021/bi0616302	yes
94	G	545	Globular domain		10.1021/bi0616302	yes
95	I	548	Globular domain		10.1021/bi0616302	yes
96	Q	551				yes
97	Y	554				yes
98	G	557	Identified mutation		"10.1186/s12967-020-02344-6, 10.1016/j.ygeno.2020.04.016"	yes
99	R	560				yes
100	S	563				yes
101	G	566	Epitope HLA locus A group 2 subtype 2:01		10.1101/2020.03.30.016931	yes
102	E	569				yes
103	T	572				yes
104	L	575				yes
105	G	578				yes
106	V	581				yes
107	L	584				yes
108	V	587				yes
109	P	590				yes
110	H	593	Helix HB2		10.1038/nsmb999. 10.1038/s41467-019-10280-3	yes
111	V	596	Helix HB2		10.1038/nsmb999. 10.1038/s41467-019-10280-3	yes
112	G	599	"Chain G, ‘shaft N-ter domain’"		10.1038/nsmb999. 10.1038/s41467-019-10280-3	yes
113	E	602	"Chain G, ‘shaft N-ter domain’"		10.1038/nsmb999. 10.1038/s41467-019-10280-3	yes
114	I	605				yes
115	P	608	"Chain H, ‘head’ C-ter domain"		10.1038/nsmb999. 10.1038/s41467-019-10280-3	yes
116	V	611	RNA-Binding protein		10.1038/nsmb999	yes
117	A	614	RNA-Binding protein		10.1038/nsmb999	yes
118	Y	617				yes
119	R	620				yes
120	K	623				yes
121	V	626				no
122	L	629				no
123	L	632				no
124	R	635				no
125	K	638				no
126	N	641				no
127	G	644				no
128	N	647				no
129	K	650				no
130	G	653				no
131	A	656				no
132	G	659				no
133	G	662				no
134	H	665				no
135	S	668				no
136	Y	671				no
137	G	674				no
138	A	677				no
139	D	680				no
140	L	683				no
141	K	686				no
142	S	689				no
143	F	692				no
144	D	695				no
145	L	698				no
146	G	701				no
147	D	704				no
148	E	707				no
149	L	710				no
150	G	713				no
151	T	716				no
152	D	719				no
153	P	722				no
154	Y	725				no
155	E	728				no
156	D	731				no
157	F	734				no
158	Q	737				no
159	E	740				no
160	N	743				no
161	W	746				no
162	N	749				no
163	T	752				no
164	K	755				no
165	H	758				no
166	S	761				no
167	S	764				no
168	G	767				no
169	V	770				no
170	T	773				no
171	R	776				no
172	E	779				no
173	L	782				no
174	M	785				no
175	R	788				no
176	E	791				no
177	L	794				no
178	N	797				no
179	G	800				no
180	G	803				no
181	A	806				no
182	Y	809				no
183	T	812				no
184	R	815				no
185	Y	818				no
186	V	821				no
187	D	824				no
188	N	827				no
189	N	830				no
190	F	833				no
191	C	836				no
192	G	839				no
193	P	842				no
194	D	845				no
195	G	848				no
196	Y	851				no
197	P	854				no
198	L	857				no
199	E	860				no
200	C	863				no
201	I	866				no
202	K	869				no
203	D	872				no
204	L	875				no
205	L	878				no
206	A	881				no
207	R	884				no
208	A	887				no
209	G	890				no
210	K	893				no
211	A	896				no
212	S	899				no
213	C	902				no
214	T	905				no
215	L	908				no
216	S	911				no
217	E	914				no
218	Q	917				no
219	L	920				no
220	D	923				no
221	F	926				no
222	I	929				no
223	D	932				no
224	T	935				no
225	K	938				no
226	R	941				no
227	G	944				no
228	V	947				no
229	Y	950				no
230	C	953				no
231	C	956				no
232	R	959				no
233	E	962				no
234	H	965				no
235	E	968				no
236	H	971				no
237	E	974				no
238	I	977				no
239	A	980				no
240	W	983				no
241	Y	986				no
242	T	989				no
243	E	992				no
244	R	995				no
245	S	998				no
246	E	1001				no
247	K	1004				no
248	S	1007				no
249	Y	1010				no
250	E	1013				no
251	L	1016				no
252	Q	1019				no
253	T	1022				no
254	P	1025				no
255	F	1028				no
256	E	1031				no
257	I	1034				no
258	K	1037				no
259	L	1040				no
260	A	1043				no
261	K	1046				no
262	K	1049				no
263	F	1052				no
264	D	1055				no
265	T	1058				no
266	F	1061				no
267	N	1064				no
268	G	1067				no
269	E	1070				no
270	C	1073				no
271	P	1076				no
272	N	1079				no
273	F	1082				no
274	V	1085				no
275	F	1088				no
276	P	1091				no
277	L	1094				no
278	N	1097				no
279	S	1100				no
280	I	1103				no
281	I	1106				no
282	K	1109				no
283	T	1112				no
284	I	1115				no
285	Q	1118				no
286	P	1121				no
287	R	1124				no
288	V	1127				no
289	E	1130				no
290	K	1133				no
291	K	1136				no
292	K	1139				no
293	L	1142				no
294	D	1145				no
295	G	1148				no
296	F	1151				no
297	M	1154				no
298	G	1157				no
299	R	1160				no
300	I	1163				no
301	R	1166				no
302	S	1169				no
303	V	1172				no
304	Y	1175				no
305	P	1178				no
306	V	1181				no
307	A	1184				no
308	S	1187				no
309	P	1190				no
310	N	1193				no
311	E	1196				no
312	C	1199				no
313	N	1202				no
314	Q	1205				no
315	M	1208				no
316	C	1211				no
317	L	1214				no
318	S	1217				no
319	T	1220				no
320	L	1223				no
321	M	1226				no
322	K	1229				no
323	C	1232				no
324	D	1235				no
325	H	1238				no
326	C	1241				no
327	G	1244				no
328	E	1247				no
329	T	1250				no
330	S	1253				no
331	W	1256				no
332	Q	1259				no
333	T	1262				no
334	G	1265				no
335	D	1268				no
336	F	1271				no
337	V	1274				no
338	K	1277				no
339	A	1280				no
340	T	1283				no
341	C	1286				no
342	E	1289				no
343	F	1292				no
344	C	1295				no
345	G	1298				no
346	T	1301				no
347	E	1304				no
348	N	1307				no
349	L	1310				no
350	T	1313				no
351	K	1316				no
352	E	1319				no
353	G	1322				no
354	A	1325				no
355	T	1328				no
356	T	1331				no
357	C	1334				no
358	G	1337				no
359	Y	1340				no
360	L	1343				no
361	P	1346				no
362	Q	1349				no
363	N	1352				no
364	A	1355				no
365	V	1358				no
366	V	1361				no
367	K	1364				no
368	I	1367				no
369	Y	1370				no
370	C	1373				no
371	P	1376				no
372	A	1379				no
373	C	1382				no
374	H	1385				no
375	N	1388				no
376	S	1391				no
377	E	1394				no
378	V	1397				no
379	G	1400				no
380	P	1403				no
381	E	1406				no
382	H	1409				no
383	S	1412				no
384	L	1415				no
385	A	1418				no
386	E	1421				no
387	Y	1424				no
388	H	1427				no
389	N	1430				no
390	E	1433				no
391	S	1436				no
392	G	1439				no
393	L	1442				no
394	K	1445				no
395	T	1448				no
396	I	1451				no
397	L	1454				no
398	R	1457				no
399	K	1460				no
400	G	1463				no
401	G	1466				no
402	R	1469				no
403	T	1472				no
404	I	1475				no
405	A	1478				no
406	F	1481				no
407	G	1484				no
408	G	1487				no
409	C	1490				no
410	V	1493				no
411	F	1496				no
412	S	1499				no
413	Y	1502				no
414	V	1505				no
415	G	1508				no
416	C	1511				no
417	H	1514				no
418	N	1517				no
419	K	1520				no
420	C	1523				no
421	A	1526				no
422	Y	1529				no
423	W	1532				no
424	V	1535				no
425	P	1538				no
426	R	1541				no
427	A	1544				no
428	S	1547				no
429	A	1550				no
430	N	1553				no
431	I	1556				no
432	G	1559				no
433	C	1562				no
434	N	1565				no
435	H	1568				no
436	T	1571				no
437	G	1574				no
438	V	1577				no
439	V	1580				no
440	G	1583				no
441	E	1586				no
442	G	1589				no
443	S	1592				no
444	E	1595				no
445	G	1598				no
446	L	1601				no
447	N	1604				no
448	D	1607				no
449	N	1610				no
450	L	1613				no
451	L	1616				no
452	E	1619				no
453	I	1622				no
454	L	1625				no
455	Q	1628				no
456	K	1631				no
457	E	1634				no
458	K	1637				no
459	V	1640				no
460	N	1643				no
461	I	1646				no
462	N	1649				no
463	I	1652				no
464	V	1655				no
465	G	1658				no
466	D	1661				no
467	F	1664				no
468	K	1667				no
469	L	1670				no
470	N	1673				no
471	E	1676				no
472	E	1679				no
473	I	1682				no
474	A	1685				no
475	I	1688				no
476	I	1691				no
477	L	1694				no
478	A	1697				no
479	S	1700				no
480	F	1703				no
481	S	1706				no
482	A	1709				no
483	S	1712				no
484	T	1715				no
485	S	1718				no
486	A	1721				no
487	F	1724				no
488	V	1727				no
489	E	1730				no
490	T	1733				no
491	V	1736				no
492	K	1739				no
493	G	1742				no
494	L	1745				no
495	D	1748				no
496	Y	1751				no
497	K	1754				no
498	A	1757				no
499	F	1760				no
500	K	1763				no
501	Q	1766				no
502	I	1769				no
503	V	1772				no
504	E	1775				no
505	S	1778				no
506	C	1781				no
507	G	1784				no
508	N	1787				no
509	F	1790				no
510	K	1793				no
511	V	1796				no
512	T	1799				no
513	K	1802				no
514	G	1805				no
515	K	1808				no
516	A	1811				no
517	K	1814				no
518	K	1817				no
519	G	1820				no
520	A	1823				no
521	W	1826				no
522	N	1829				no
523	I	1832				no
524	G	1835				no
525	E	1838				no
526	Q	1841				no
527	K	1844				no
528	S	1847				no
529	I	1850				no
530	L	1853				no
531	S	1856				no
532	P	1859				no
533	L	1862				no
534	Y	1865				no
535	A	1868				no
536	F	1871				no
537	A	1874				no
538	S	1877				no
539	E	1880				no
540	A	1883				no
541	A	1886				no
542	R	1889				no
543	V	1892				no
544	V	1895				no
545	R	1898				no
546	S	1901				no
547	I	1904				no
548	F	1907				no
549	S	1910				no
550	R	1913				no
551	T	1916				no
552	L	1919				no
553	E	1922				no
554	T	1925				no
555	A	1928				no
556	Q	1931				no
557	N	1934				no
558	S	1937				no
559	V	1940				no
560	R	1943				no
561	V	1946				no
562	L	1949				no
563	Q	1952				no
564	K	1955				no
565	A	1958				no
566	A	1961				no
567	I	1964				no
568	T	1967				no
569	I	1970				no
570	L	1973				no
571	D	1976				no
572	G	1979				no
573	I	1982				no
574	S	1985				no
575	Q	1988				no
576	Y	1991				no
577	S	1994				no
578	L	1997				no
579	R	2000				no
580	L	2003				no
581	I	2006				no
582	D	2009				no
583	A	2012				no
584	M	2015				no
585	M	2018				no
586	F	2021				no
587	T	2024				no
588	S	2027				no
589	D	2030				no
590	L	2033				no
591	A	2036				no
592	T	2039				no
593	N	2042				no
594	N	2045				no
595	L	2048				no
596	V	2051				no
597	V	2054				no
598	M	2057				no
599	A	2060				no
600	Y	2063				no
601	I	2066				no
602	T	2069				no
603	G	2072				no
604	G	2075				no
605	V	2078				no
606	V	2081				no
607	Q	2084				no
608	L	2087				no
609	T	2090				no
610	S	2093				no
611	Q	2096				no
612	W	2099				no
613	L	2102				no
614	T	2105				no
615	N	2108				no
616	I	2111				no
617	F	2114				no
618	G	2117				no
619	T	2120				no
620	V	2123				no
621	Y	2126				no
622	E	2129				no
623	K	2132				no
624	L	2135				no
625	K	2138				no
626	P	2141				no
627	V	2144				no
628	L	2147				no
629	D	2150				no
630	W	2153				no
631	L	2156				no
632	E	2159				no
633	E	2162				no
634	K	2165				no
635	F	2168				no
636	K	2171				no
637	E	2174				no
638	G	2177				no
639	V	2180				no
640	E	2183				no
641	F	2186				no
642	L	2189				no
643	R	2192				no
644	D	2195				no
645	G	2198				no
646	W	2201				no
647	E	2204				no
648	I	2207				no
649	V	2210				no
650	K	2213				no
651	F	2216				no
652	I	2219				no
653	S	2222				no
654	T	2225				no
655	C	2228				no
656	A	2231				no
657	C	2234				no
658	E	2237				no
659	I	2240				no
660	V	2243				no
661	G	2246				no
662	G	2249				no
663	Q	2252				no
664	I	2255				no
665	V	2258				no
666	T	2261				no
667	C	2264				no
668	A	2267				no
669	K	2270				no
670	E	2273				no
671	I	2276				no
672	K	2279				no
673	E	2282				no
674	S	2285				no
675	V	2288				no
676	Q	2291				no
677	T	2294				no
678	F	2297				no
679	F	2300				no
680	K	2303				no
681	L	2306				no
682	V	2309				no
683	N	2312				no
684	K	2315				no
685	F	2318				no
686	L	2321				no
687	A	2324				no
688	L	2327				no
689	C	2330				no
690	A	2333				no
691	D	2336				no
692	S	2339				no
693	I	2342				no
694	I	2345				no
695	I	2348				no
696	G	2351				no
697	G	2354				no
698	A	2357				no
699	K	2360				no
700	L	2363				no
701	K	2366				no
702	A	2369				no
703	L	2372				no
704	N	2375				no
705	L	2378				no
706	G	2381				no
707	E	2384				no
708	T	2387				no
709	F	2390				no
710	V	2393				no
711	T	2396				no
712	H	2399				no
713	S	2402				no
714	K	2405				no
715	G	2408				no
716	L	2411				no
717	Y	2414				no
718	R	2417				no
719	K	2420				no
720	C	2423				no
721	V	2426				no
722	K	2429				no
723	S	2432				no
724	R	2435				no
725	E	2438				no
726	E	2441				no
727	T	2444				no
728	G	2447				no
729	L	2450				no
730	L	2453				no
731	M	2456				no
732	P	2459				no
733	L	2462				no
734	K	2465				no
735	A	2468				no
736	P	2471				no
737	K	2474				no
738	E	2477				no
739	I	2480				no
740	I	2483				no
741	F	2486				no
742	L	2489				no
743	E	2492				no
744	G	2495				no
745	E	2498				no
746	T	2501				no
747	L	2504				no
748	P	2507				no
749	T	2510				no
750	E	2513				no
751	V	2516				no
752	L	2519				no
753	T	2522				no
754	E	2525				no
755	E	2528				no
756	V	2531				no
757	V	2534				no
758	L	2537				no
759	K	2540				no
760	T	2543				no
761	G	2546				no
762	D	2549				no
763	L	2552				no
764	Q	2555				no
765	P	2558				no
766	L	2561				no
767	E	2564				no
768	Q	2567				no
769	P	2570				no
770	T	2573				no
771	S	2576				no
772	E	2579				no
773	A	2582				no
774	V	2585				no
775	E	2588				no
776	A	2591				no
777	P	2594				no
778	L	2597				no
779	V	2600				no
780	G	2603				no
781	T	2606				no
782	P	2609				no
783	V	2612				no
784	C	2615				no
785	I	2618				no
786	N	2621				no
787	G	2624				no
788	L	2627				no
789	M	2630				no
790	L	2633				no
791	L	2636				no
792	E	2639				no
793	I	2642				no
794	K	2645				no
795	D	2648				no
796	T	2651				no
797	E	2654				no
798	K	2657				no
799	Y	2660				no
800	C	2663				no
801	A	2666				no
802	L	2669				no
803	A	2672				no
804	P	2675				no
805	N	2678				no
806	M	2681				no
807	M	2684				no
808	V	2687				no
809	T	2690				no
810	N	2693				no
811	N	2696				no
812	T	2699				no
813	F	2702				no
814	T	2705				no
815	L	2708				no
816	K	2711				no
817	G	2714				no
818	G	2717				no
819	A	2720				no
820	P	2723				no
821	T	2726				no
822	K	2729				no
823	V	2732				no
824	T	2735				no
825	F	2738				no
826	G	2741				no
827	D	2744				no
828	D	2747				no
829	T	2750				no
830	V	2753				no
831	I	2756				no
832	E	2759				no
833	V	2762				no
834	Q	2765				no
835	G	2768				no
836	Y	2771				no
837	K	2774				no
838	S	2777				no
839	V	2780				no
840	N	2783				no
841	I	2786				no
842	T	2789				no
843	F	2792				no
844	E	2795				no
845	L	2798				no
846	D	2801				no
847	E	2804				no
848	R	2807				no
849	I	2810				no
850	D	2813				no
851	K	2816				no
852	V	2819				no
853	L	2822				no
854	N	2825				no
855	E	2828				no
856	K	2831				no
857	C	2834				no
858	S	2837				no
859	A	2840				no
860	Y	2843				no
861	T	2846				no
862	V	2849				no
863	E	2852				no
864	L	2855				no
865	G	2858				no
866	T	2861				no
867	E	2864				no
868	V	2867				no
869	N	2870				no
870	E	2873				no
871	F	2876				no
872	A	2879				no
873	C	2882				no
874	V	2885				no
875	V	2888				no
876	A	2891				no
877	D	2894				no
878	A	2897				no
879	V	2900				no
880	I	2903				no
881	K	2906				no
882	T	2909				no
883	L	2912				no
884	Q	2915				no
885	P	2918				no
886	V	2921				no
887	S	2924				no
888	E	2927				no
889	L	2930				no
890	L	2933				no
891	T	2936				no
892	P	2939				no
893	L	2942				no
894	G	2945				no
895	I	2948				no
896	D	2951				no
897	L	2954				no
898	D	2957				no
899	E	2960				no
900	W	2963				no
901	S	2966				no
902	M	2969				no
903	A	2972				no
904	T	2975				no
905	Y	2978				no
906	Y	2981				no
907	L	2984				no
908	F	2987				no
909	D	2990				no
910	E	2993				no
911	S	2996				no
912	G	2999				no
913	E	3002				no
914	F	3005				no
915	K	3008				no
916	L	3011				no
917	A	3014				no
918	S	3017				no
919	H	3020				no
920	M	3023				no
921	Y	3026				no
922	C	3029				no
923	S	3032				no
924	F	3035				no
925	Y	3038				no
926	P	3041				no
927	P	3044				no
928	D	3047				no
929	E	3050				no
930	D	3053				no
931	E	3056				no
932	E	3059				no
933	E	3062				no
934	G	3065				no
935	D	3068				no
936	C	3071				no
937	E	3074				no
938	E	3077				no
939	E	3080				no
940	E	3083				no
941	F	3086				no
942	E	3089				no
943	P	3092				no
944	S	3095				no
945	T	3098				no
946	Q	3101				no
947	Y	3104				no
948	E	3107				no
949	Y	3110				no
950	G	3113				no
951	T	3116				no
952	E	3119				no
953	D	3122				no
954	D	3125				no
955	Y	3128				no
956	Q	3131				no
957	G	3134				no
958	K	3137				no
959	P	3140				no
960	L	3143				no
961	E	3146				no
962	F	3149				no
963	G	3152				no
964	A	3155				no
965	T	3158				no
966	S	3161				no
967	A	3164				no
968	A	3167				no
969	L	3170				no
970	Q	3173				no
971	P	3176				no
972	E	3179				no
973	E	3182				no
974	E	3185				no
975	Q	3188				no
976	E	3191				no
977	E	3194				no
978	D	3197				no
979	W	3200				no
980	L	3203				no
981	D	3206				no
982	D	3209				no
983	D	3212				no
984	S	3215				no
985	Q	3218				no
986	Q	3221				no
987	T	3224				no
988	V	3227				no
989	G	3230				no
990	Q	3233				no
991	Q	3236				no
992	D	3239				no
993	G	3242				no
994	S	3245				no
995	E	3248				no
996	D	3251				no
997	N	3254				no
998	Q	3257				no
999	T	3260				no
1000	T	3263				no
1001	T	3266				no
1002	I	3269				no
1003	Q	3272				no
1004	T	3275				no
1005	I	3278				no
1006	V	3281				no
1007	E	3284				no
1008	V	3287				no
1009	Q	3290				no
1010	P	3293				no
1011	Q	3296				no
1012	L	3299				no
1013	E	3302				no
1014	M	3305				no
1015	E	3308				no
1016	L	3311				no
1017	T	3314				no
1018	P	3317				no
1019	V	3320				no
1020	V	3323				no
1021	Q	3326				no
1022	T	3329				no
1023	I	3332				no
1024	E	3335				no
1025	V	3338				no
1026	N	3341				no
1027	S	3344				no
1028	F	3347				no
1029	S	3350				no
1030	G	3353				no
1031	Y	3356				no
1032	L	3359				no
1033	K	3362				no
1034	L	3365				no
1035	T	3368				no
1036	D	3371				no
1037	N	3374				no
1038	V	3377				no
1039	Y	3380				no
1040	I	3383				no
1041	K	3386				no
1042	N	3389				no
1043	A	3392				no
1044	D	3395				no
1045	I	3398				no
1046	V	3401				no
1047	E	3404				no
1048	E	3407				no
1049	A	3410				no
1050	K	3413				no
1051	K	3416				no
1052	V	3419				no
1053	K	3422				no
1054	P	3425				no
1055	T	3428				no
1056	V	3431				no
1057	V	3434				no
1058	V	3437				no
1059	N	3440				no
1060	A	3443				no
1061	A	3446				no
1062	N	3449				no
1063	V	3452				no
1064	Y	3455				no
1065	L	3458				no
1066	K	3461				no
1067	H	3464				no
1068	G	3467				no
1069	G	3470				no
1070	G	3473				no
1071	V	3476				no
1072	A	3479				no
1073	G	3482				no
1074	A	3485				no
1075	L	3488				no
1076	N	3491				no
1077	K	3494				no
1078	A	3497				no
1079	T	3500				no
1080	N	3503				no
1081	N	3506				no
1082	A	3509				no
1083	M	3512				no
1084	Q	3515				no
1085	V	3518				no
1086	E	3521				no
1087	S	3524				no
1088	D	3527				no
1089	D	3530				no
1090	Y	3533				no
1091	I	3536				no
1092	A	3539				no
1093	T	3542				no
1094	N	3545				no
1095	G	3548				no
1096	P	3551				no
1097	L	3554				no
1098	K	3557				no
1099	V	3560				no
1100	G	3563				no
1101	G	3566				no
1102	S	3569				no
1103	C	3572				no
1104	V	3575				no
1105	L	3578				no
1106	S	3581				no
1107	G	3584				no
1108	H	3587				no
1109	N	3590				no
1110	L	3593				no
1111	A	3596				no
1112	K	3599				no
1113	H	3602				no
1114	C	3605				no
1115	L	3608				no
1116	H	3611				no
1117	V	3614				no
1118	V	3617				no
1119	G	3620				no
1120	P	3623				no
1121	N	3626				no
1122	V	3629				no
1123	N	3632				no
1124	K	3635				no
1125	G	3638				no
1126	E	3641				no
1127	D	3644				no
1128	I	3647				no
1129	Q	3650				no
1130	L	3653				no
1131	L	3656				no
1132	K	3659				no
1133	S	3662				no
1134	A	3665				no
1135	Y	3668				no
1136	E	3671				no
1137	N	3674				no
1138	F	3677				no
1139	N	3680				no
1140	Q	3683				no
1141	H	3686				no
1142	E	3689				no
1143	V	3692				no
1144	L	3695				no
1145	L	3698				no
1146	A	3701				no
1147	P	3704				no
1148	L	3707				no
1149	L	3710				no
1150	S	3713				no
1151	A	3716				no
1152	G	3719				no
1153	I	3722				no
1154	F	3725				no
1155	G	3728				no
1156	A	3731				no
1157	D	3734				no
1158	P	3737				no
1159	I	3740				no
1160	H	3743				no
1161	S	3746				no
1162	L	3749				no
1163	R	3752				no
1164	V	3755				no
1165	C	3758				no
1166	V	3761				no
1167	D	3764				no
1168	T	3767				no
1169	V	3770				no
1170	R	3773				no
1171	T	3776				no
1172	N	3779				no
1173	V	3782				no
1174	Y	3785				no
1175	L	3788				no
1176	A	3791				no
1177	V	3794				no
1178	F	3797				no
1179	D	3800				no
1180	K	3803				no
1181	N	3806				no
1182	L	3809				no
1183	Y	3812				no
1184	D	3815				no
1185	K	3818				no
1186	L	3821				no
1187	V	3824				no
1188	S	3827				no
1189	S	3830				no
1190	F	3833				no
1191	L	3836				no
1192	E	3839				no
1193	M	3842				no
1194	K	3845				no
1195	S	3848				no
1196	E	3851				no
1197	K	3854				no
1198	Q	3857				no
1199	V	3860				no
1200	E	3863				no
1201	Q	3866				no
1202	K	3869				no
1203	I	3872				no
1204	A	3875				no
1205	E	3878				no
1206	I	3881				no
1207	P	3884				no
1208	K	3887				no
1209	E	3890				no
1210	E	3893				no
1211	V	3896				no
1212	K	3899				no
1213	P	3902				no
1214	F	3905				no
1215	I	3908				no
1216	T	3911				no
1217	E	3914				no
1218	S	3917				no
1219	K	3920				no
1220	P	3923				no
1221	S	3926				no
1222	V	3929				no
1223	E	3932				no
1224	Q	3935				no
1225	R	3938				no
1226	K	3941				no
1227	Q	3944				no
1228	D	3947				no
1229	D	3950				no
1230	K	3953				no
1231	K	3956				no
1232	I	3959				no
1233	K	3962				no
1234	A	3965				no
1235	C	3968				no
1236	V	3971				no
1237	E	3974				no
1238	E	3977				no
1239	V	3980				no
1240	T	3983				no
1241	T	3986				no
1242	T	3989				no
1243	L	3992				no
1244	E	3995				no
1245	E	3998				no
1246	T	4001				no
1247	K	4004				no
1248	F	4007				no
1249	L	4010				no
1250	T	4013				no
1251	E	4016				no
1252	N	4019				no
1253	L	4022				no
1254	L	4025				no
1255	L	4028				no
1256	Y	4031				no
1257	I	4034				no
1258	D	4037				no
1259	I	4040				no
1260	N	4043				no
1261	G	4046				no
1262	N	4049				no
1263	L	4052				no
1264	H	4055				no
1265	P	4058				no
1266	D	4061				no
1267	S	4064				no
1268	A	4067				no
1269	T	4070				no
1270	L	4073				no
1271	V	4076				no
1272	S	4079				no
1273	D	4082				no
1274	I	4085				no
1275	D	4088				no
1276	I	4091				no
1277	T	4094				no
1278	F	4097				no
1279	L	4100				no
1280	K	4103				no
1281	K	4106				no
1282	D	4109				no
1283	A	4112				no
1284	P	4115				no
1285	Y	4118				no
1286	I	4121				no
1287	V	4124				no
1288	G	4127				no
1289	D	4130				no
1290	V	4133				no
1291	V	4136				no
1292	Q	4139				no
1293	E	4142				no
1294	G	4145				no
1295	V	4148				no
1296	L	4151				no
1297	T	4154				no
1298	A	4157				no
1299	V	4160				no
1300	V	4163				no
1301	I	4166				no
1302	P	4169				no
1303	T	4172				no
1304	K	4175				no
1305	K	4178				no
1306	A	4181				no
1307	G	4184				no
1308	G	4187				no
1309	T	4190				no
1310	T	4193				no
1311	E	4196				no
1312	M	4199				no
1313	L	4202				no
1314	A	4205				no
1315	K	4208				no
1316	A	4211				no
1317	L	4214				no
1318	R	4217				no
1319	K	4220				no
1320	V	4223				no
1321	P	4226				no
1322	T	4229				no
1323	D	4232				no
1324	N	4235				no
1325	Y	4238				no
1326	I	4241				no
1327	T	4244				no
1328	T	4247				no
1329	Y	4250				no
1330	P	4253				no
1331	G	4256				no
1332	Q	4259				no
1333	G	4262				no
1334	L	4265				no
1335	N	4268				no
1336	G	4271				no
1337	Y	4274				no
1338	T	4277				no
1339	V	4280				no
1340	E	4283				no
1341	E	4286				no
1342	A	4289				no
1343	K	4292				no
1344	T	4295				no
1345	V	4298				no
1346	L	4301				no
1347	K	4304				no
1348	K	4307				no
1349	C	4310				no
1350	K	4313				no
1351	S	4316				no
1352	A	4319				no
1353	F	4322				no
1354	Y	4325				no
1355	I	4328				no
1356	L	4331				no
1357	P	4334				no
1358	S	4337				no
1359	I	4340				no
1360	I	4343				no
1361	S	4346				no
1362	N	4349				no
1363	E	4352				no
1364	K	4355				no
1365	Q	4358				no
1366	E	4361				no
1367	I	4364				no
1368	L	4367				no
1369	G	4370				no
1370	T	4373				no
1371	V	4376				no
1372	S	4379				no
1373	W	4382				no
1374	N	4385				no
1375	L	4388				no
1376	R	4391				no
1377	E	4394				no
1378	M	4397				no
1379	L	4400				no
1380	A	4403				no
1381	H	4406				no
1382	A	4409				no
1383	E	4412				no
1384	E	4415				no
1385	T	4418				no
1386	R	4421				no
1387	K	4424				no
1388	L	4427				no
1389	M	4430				no
1390	P	4433				no
1391	V	4436				no
1392	C	4439				no
1393	V	4442				no
1394	E	4445				no
1395	T	4448				no
1396	K	4451				no
1397	A	4454				no
1398	I	4457				no
1399	V	4460				no
1400	S	4463				no
1401	T	4466				no
1402	I	4469				no
1403	Q	4472				no
1404	R	4475				no
1405	K	4478				no
1406	Y	4481				no
1407	K	4484				no
1408	G	4487				no
1409	I	4490				no
1410	K	4493				no
1411	I	4496				no
1412	Q	4499				no
1413	E	4502				no
1414	G	4505				no
1415	V	4508				no
1416	V	4511				no
1417	D	4514				no
1418	Y	4517				no
1419	G	4520				no
1420	A	4523				no
1421	R	4526				no
1422	F	4529				no
1423	Y	4532				no
1424	F	4535				no
1425	Y	4538				no
1426	T	4541				no
1427	S	4544				no
1428	K	4547				no
1429	T	4550				no
1430	T	4553				no
1431	V	4556				no
1432	A	4559				no
1433	S	4562				no
1434	L	4565				no
1435	I	4568				no
1436	N	4571				no
1437	T	4574				no
1438	L	4577				no
1439	N	4580				no
1440	D	4583				no
1441	L	4586				no
1442	N	4589				no
1443	E	4592				no
1444	T	4595				no
1445	L	4598				no
1446	V	4601				no
1447	T	4604				no
1448	M	4607				no
1449	P	4610				no
1450	L	4613				no
1451	G	4616				no
1452	Y	4619				no
1453	V	4622				no
1454	T	4625				no
1455	H	4628				no
1456	G	4631				no
1457	L	4634				no
1458	N	4637				no
1459	L	4640				no
1460	E	4643				no
1461	E	4646				no
1462	A	4649				no
1463	A	4652				no
1464	R	4655				no
1465	Y	4658				no
1466	M	4661				no
1467	R	4664				no
1468	S	4667				no
1469	L	4670				no
1470	K	4673				no
1471	V	4676				no
1472	P	4679				no
1473	A	4682				no
1474	T	4685				no
1475	V	4688				no
1476	S	4691				no
1477	V	4694				no
1478	S	4697				no
1479	S	4700				no
1480	P	4703				no
1481	D	4706				no
1482	A	4709				no
1483	V	4712				no
1484	T	4715				no
1485	A	4718				no
1486	Y	4721				no
1487	N	4724				no
1488	G	4727				no
1489	Y	4730				no
1490	L	4733				no
1491	T	4736				no
1492	S	4739				no
1493	S	4742				no
1494	S	4745				no
1495	K	4748				no
1496	T	4751				no
1497	P	4754				no
1498	E	4757				no
1499	E	4760				no
1500	H	4763				no
1501	F	4766				no
1502	I	4769				no
1503	E	4772				no
1504	T	4775				no
1505	I	4778				no
1506	S	4781				no
1507	L	4784				no
1508	A	4787				no
1509	G	4790				no
1510	S	4793				no
1511	Y	4796				no
1512	K	4799				no
1513	D	4802				no
1514	W	4805				no
1515	S	4808				no
1516	Y	4811				no
1517	S	4814				no
1518	G	4817				no
1519	Q	4820				no
1520	S	4823				no
1521	T	4826				no
1522	Q	4829				no
1523	L	4832				no
1524	G	4835				no
1525	I	4838				no
1526	E	4841				no
1527	F	4844				no
1528	L	4847				no
1529	K	4850				no
1530	R	4853				no
1531	G	4856				no
1532	D	4859				no
1533	K	4862				no
1534	S	4865				no
1535	V	4868				no
1536	Y	4871				no
1537	Y	4874				no
1538	T	4877				no
1539	S	4880				no
1540	N	4883				no
1541	P	4886				no
1542	T	4889				no
1543	T	4892				no
1544	F	4895				no
1545	H	4898				no
1546	L	4901				no
1547	D	4904				no
1548	G	4907				no
1549	E	4910				no
1550	V	4913				no
1551	I	4916				no
1552	T	4919				no
1553	F	4922				no
1554	D	4925				no
1555	N	4928				no
1556	L	4931				no
1557	K	4934				no
1558	T	4937				no
1559	L	4940				no
1560	L	4943				no
1561	S	4946				no
1562	L	4949				no
1563	R	4952				no
1564	E	4955				no
1565	V	4958				no
1566	R	4961				no
1567	T	4964				no
1568	I	4967				no
1569	K	4970				no
1570	V	4973				no
1571	F	4976				no
1572	T	4979				no
1573	T	4982				no
1574	V	4985				no
1575	D	4988				no
1576	N	4991				no
1577	I	4994				no
1578	N	4997				no
1579	L	5000				no
1580	H	5003				no
1581	T	5006				no
1582	Q	5009				no
1583	V	5012				no
1584	V	5015				no
1585	D	5018				no
1586	M	5021				no
1587	S	5024				no
1588	M	5027				no
1589	T	5030				no
1590	Y	5033				no
1591	G	5036				no
1592	Q	5039				no
1593	Q	5042				no
1594	F	5045				no
1595	G	5048				no
1596	P	5051				no
1597	T	5054				no
1598	Y	5057				no
1599	L	5060				no
1600	D	5063				no
1601	G	5066				no
1602	A	5069				no
1603	D	5072				no
1604	V	5075				no
1605	T	5078				no
1606	K	5081				no
1607	I	5084				no
1608	K	5087				no
1609	P	5090				no
1610	H	5093				no
1611	N	5096				no
1612	S	5099				no
1613	H	5102				no
1614	E	5105				no
1615	G	5108				no
1616	K	5111				no
1617	T	5114				no
1618	F	5117				no
1619	Y	5120				no
1620	V	5123				no
1621	L	5126				no
1622	P	5129				no
1623	N	5132				no
1624	D	5135				no
1625	D	5138				no
1626	T	5141				no
1627	L	5144				no
1628	R	5147				no
1629	V	5150				no
1630	E	5153				no
1631	A	5156				no
1632	F	5159				no
1633	E	5162				no
1634	Y	5165				no
1635	Y	5168				no
1636	H	5171				no
1637	T	5174				no
1638	T	5177				no
1639	D	5180				no
1640	P	5183				no
1641	S	5186				no
1642	F	5189				no
1643	L	5192				no
1644	G	5195				no
1645	R	5198				no
1646	Y	5201				no
1647	M	5204				no
1648	S	5207				no
1649	A	5210				no
1650	L	5213				no
1651	N	5216				no
1652	H	5219				no
1653	T	5222				no
1654	K	5225				no
1655	K	5228				no
1656	W	5231				no
1657	K	5234				no
1658	Y	5237				no
1659	P	5240				no
1660	Q	5243				no
1661	V	5246				no
1662	N	5249				no
1663	G	5252				no
1664	L	5255				no
1665	T	5258				no
1666	S	5261				no
1667	I	5264				no
1668	K	5267				no
1669	W	5270				no
1670	A	5273				no
1671	D	5276				no
1672	N	5279				no
1673	N	5282				no
1674	C	5285				no
1675	Y	5288				no
1676	L	5291				no
1677	A	5294				no
1678	T	5297				no
1679	A	5300				no
1680	L	5303				no
1681	L	5306				no
1682	T	5309				no
1683	L	5312				no
1684	Q	5315				no
1685	Q	5318				no
1686	I	5321				no
1687	E	5324				no
1688	L	5327				no
1689	K	5330				no
1690	F	5333				no
1691	N	5336				no
1692	P	5339				no
1693	P	5342				no
1694	A	5345				no
1695	L	5348				no
1696	Q	5351				no
1697	D	5354				no
1698	A	5357				no
1699	Y	5360				no
1700	Y	5363				no
1701	R	5366				no
1702	A	5369				no
1703	R	5372				no
1704	A	5375				no
1705	G	5378				no
1706	E	5381				no
1707	A	5384				no
1708	A	5387				no
1709	N	5390				no
1710	F	5393				no
1711	C	5396				no
1712	A	5399				no
1713	L	5402				no
1714	I	5405				no
1715	L	5408				no
1716	A	5411				no
1717	Y	5414				no
1718	C	5417				no
1719	N	5420				no
1720	K	5423				no
1721	T	5426				no
1722	V	5429				no
1723	G	5432				no
1724	E	5435				no
1725	L	5438				no
1726	G	5441				no
1727	D	5444				no
1728	V	5447				no
1729	R	5450				no
1730	E	5453				no
1731	T	5456				no
1732	M	5459				no
1733	S	5462				no
1734	Y	5465				no
1735	L	5468				no
1736	F	5471				no
1737	Q	5474				no
1738	H	5477				no
1739	A	5480				no
1740	N	5483				no
1741	L	5486				no
1742	D	5489				no
1743	S	5492				no
1744	C	5495				no
1745	K	5498				no
1746	R	5501				no
1747	V	5504				no
1748	L	5507				no
1749	N	5510				no
1750	V	5513				no
1751	V	5516				no
1752	C	5519				no
1753	K	5522				no
1754	T	5525				no
1755	C	5528				no
1756	G	5531				no
1757	Q	5534				no
1758	Q	5537				no
1759	Q	5540				no
1760	T	5543				no
1761	T	5546				no
1762	L	5549				no
1763	K	5552				no
1764	G	5555				no
1765	V	5558				no
1766	E	5561				no
1767	A	5564				no
1768	V	5567				no
1769	M	5570				no
1770	Y	5573				no
1771	M	5576				no
1772	G	5579				no
1773	T	5582				no
1774	L	5585				no
1775	S	5588				no
1776	Y	5591				no
1777	E	5594				no
1778	Q	5597				no
1779	F	5600				no
1780	K	5603				no
1781	K	5606				no
1782	G	5609				no
1783	V	5612				no
1784	Q	5615				no
1785	I	5618				no
1786	P	5621				no
1787	C	5624				no
1788	T	5627				no
1789	C	5630				no
1790	G	5633				no
1791	K	5636				no
1792	Q	5639				no
1793	A	5642				no
1794	T	5645				no
1795	K	5648				no
1796	Y	5651				no
1797	L	5654				no
1798	V	5657				no
1799	Q	5660				no
1800	Q	5663				no
1801	E	5666				no
1802	S	5669				no
1803	P	5672				no
1804	F	5675				no
1805	V	5678				no
1806	M	5681				no
1807	M	5684				no
1808	S	5687				no
1809	A	5690				no
1810	P	5693				no
1811	P	5696				no
1812	A	5699				no
1813	Q	5702				no
1814	Y	5705				no
1815	E	5708				no
1816	L	5711				no
1817	K	5714				no
1818	H	5717				no
1819	G	5720				no
1820	T	5723				no
1821	F	5726				no
1822	T	5729				no
1823	C	5732				no
1824	A	5735				no
1825	S	5738				no
1826	E	5741				no
1827	Y	5744				no
1828	T	5747				no
1829	G	5750				no
1830	N	5753				no
1831	Y	5756				no
1832	Q	5759				no
1833	C	5762				no
1834	G	5765				no
1835	H	5768				no
1836	Y	5771				no
1837	K	5774				no
1838	H	5777				no
1839	I	5780				no
1840	T	5783				no
1841	S	5786				no
1842	K	5789				no
1843	E	5792				no
1844	T	5795				no
1845	L	5798				no
1846	Y	5801				no
1847	C	5804				no
1848	I	5807				no
1849	D	5810				no
1850	G	5813				no
1851	A	5816				no
1852	L	5819				no
1853	L	5822				no
1854	T	5825				no
1855	K	5828				no
1856	S	5831				no
1857	S	5834				no
1858	E	5837				no
1859	Y	5840				no
1860	K	5843				no
1861	G	5846				no
1862	P	5849				no
1863	I	5852				no
1864	T	5855				no
1865	D	5858				no
1866	V	5861				no
1867	F	5864				no
1868	Y	5867				no
1869	K	5870				no
1870	E	5873				no
1871	N	5876				no
1872	S	5879				no
1873	Y	5882				no
1874	T	5885				no
1875	T	5888				no
1876	T	5891				no
1877	I	5894				no
1878	K	5897				no
1879	P	5900				no
1880	V	5903				no
1881	T	5906				no
1882	Y	5909				no
1883	K	5912				no
1884	L	5915				no
1885	D	5918				no
1886	G	5921				no
1887	V	5924				no
1888	V	5927				no
1889	C	5930				no
1890	T	5933				no
1891	E	5936				no
1892	I	5939				no
1893	D	5942				no
1894	P	5945				no
1895	K	5948				no
1896	L	5951				no
1897	D	5954				no
1898	N	5957				no
1899	Y	5960				no
1900	Y	5963				no
1901	K	5966				no
1902	K	5969				no
1903	D	5972				no
1904	N	5975				no
1905	S	5978				no
1906	Y	5981				no
1907	F	5984				no
1908	T	5987				no
1909	E	5990				no
1910	Q	5993				no
1911	P	5996				no
1912	I	5999				no
1913	D	6002				no
1914	L	6005				no
1915	V	6008				no
1916	P	6011				no
1917	N	6014				no
1918	Q	6017				no
1919	P	6020				no
1920	Y	6023				no
1921	P	6026				no
1922	N	6029				no
1923	A	6032				no
1924	S	6035				no
1925	F	6038				no
1926	D	6041				no
1927	N	6044				no
1928	F	6047				no
1929	K	6050				no
1930	F	6053				no
1931	V	6056				no
1932	C	6059				no
1933	D	6062				no
1934	N	6065				no
1935	I	6068				no
1936	K	6071				no
1937	F	6074				no
1938	A	6077				no
1939	D	6080				no
1940	D	6083				no
1941	L	6086				no
1942	N	6089				no
1943	Q	6092				no
1944	L	6095				no
1945	T	6098				no
1946	G	6101				no
1947	Y	6104				no
1948	K	6107				no
1949	K	6110				no
1950	P	6113				no
1951	A	6116				no
1952	S	6119				no
1953	R	6122				no
1954	E	6125				no
1955	L	6128				no
1956	K	6131				no
1957	V	6134				no
1958	T	6137				no
1959	F	6140				no
1960	F	6143				no
1961	P	6146				no
1962	D	6149				no
1963	L	6152				no
1964	N	6155				no
1965	G	6158				no
1966	D	6161				no
1967	V	6164				no
1968	V	6167				no
1969	A	6170				no
1970	I	6173				no
1971	D	6176				no
1972	Y	6179				no
1973	K	6182				no
1974	H	6185				no
1975	Y	6188				no
1976	T	6191				no
1977	P	6194				no
1978	S	6197				no
1979	F	6200				no
1980	K	6203				no
1981	K	6206				no
1982	G	6209				no
1983	A	6212				no
1984	K	6215				no
1985	L	6218				no
1986	L	6221				no
1987	H	6224				no
1988	K	6227				no
1989	P	6230				no
1990	I	6233				no
1991	V	6236				no
1992	W	6239				no
1993	H	6242				no
1994	V	6245				no
1995	N	6248				no
1996	N	6251				no
1997	A	6254				no
1998	T	6257				no
1999	N	6260				no
2000	K	6263				no
2001	A	6266				no
2002	T	6269				no
2003	Y	6272				no
2004	K	6275				no
2005	P	6278				no
2006	N	6281				no
2007	T	6284				no
2008	W	6287				no
2009	C	6290				no
2010	I	6293				no
2011	R	6296				no
2012	C	6299				no
2013	L	6302				no
2014	W	6305				no
2015	S	6308				no
2016	T	6311				no
2017	K	6314				no
2018	P	6317				no
2019	V	6320				no
2020	E	6323				no
2021	T	6326				no
2022	S	6329				no
2023	N	6332				no
2024	S	6335				no
2025	F	6338				no
2026	D	6341				no
2027	V	6344				no
2028	L	6347				no
2029	K	6350				no
2030	S	6353				no
2031	E	6356				no
2032	D	6359				no
2033	A	6362				no
2034	Q	6365				no
2035	G	6368				no
2036	M	6371				no
2037	D	6374				no
2038	N	6377				no
2039	L	6380				no
2040	A	6383				no
2041	C	6386				no
2042	E	6389				no
2043	D	6392				no
2044	L	6395				no
2045	K	6398				no
2046	P	6401				no
2047	V	6404				no
2048	S	6407				no
2049	E	6410				no
2050	E	6413				no
2051	V	6416				no
2052	V	6419				no
2053	E	6422				no
2054	N	6425				no
2055	P	6428				no
2056	T	6431				no
2057	I	6434				no
2058	Q	6437				no
2059	K	6440				no
2060	D	6443				no
2061	V	6446				no
2062	L	6449				no
2063	E	6452				no
2064	C	6455				no
2065	N	6458				no
2066	V	6461				no
2067	K	6464				no
2068	T	6467				no
2069	T	6470				no
2070	E	6473				no
2071	V	6476				no
2072	V	6479				no
2073	G	6482				no
2074	D	6485				no
2075	I	6488				no
2076	I	6491				no
2077	L	6494				no
2078	K	6497				no
2079	P	6500				no
2080	A	6503				no
2081	N	6506				no
2082	N	6509				no
2083	S	6512				no
2084	L	6515				no
2085	K	6518				no
2086	I	6521				no
2087	T	6524				no
2088	E	6527				no
2089	E	6530				no
2090	V	6533				no
2091	G	6536				no
2092	H	6539				no
2093	T	6542				no
2094	D	6545				no
2095	L	6548				no
2096	M	6551				no
2097	A	6554				no
2098	A	6557				no
2099	Y	6560				no
2100	V	6563				no
2101	D	6566				no
2102	N	6569				no
2103	S	6572				no
2104	S	6575				no
2105	L	6578				no
2106	T	6581				no
2107	I	6584				no
2108	K	6587				no
2109	K	6590				no
2110	P	6593				no
2111	N	6596				no
2112	E	6599				no
2113	L	6602				no
2114	S	6605				no
2115	R	6608				no
2116	V	6611				no
2117	L	6614				no
2118	G	6617				no
2119	L	6620				no
2120	K	6623				no
2121	T	6626				no
2122	L	6629				no
2123	A	6632				no
2124	T	6635				no
2125	H	6638				no
2126	G	6641				no
2127	L	6644				no
2128	A	6647				no
2129	A	6650				no
2130	V	6653				no
2131	N	6656				no
2132	S	6659				no
2133	V	6662				no
2134	P	6665				no
2135	W	6668				no
2136	D	6671				no
2137	T	6674				no
2138	I	6677				no
2139	A	6680				no
2140	N	6683				no
2141	Y	6686				no
2142	A	6689				no
2143	K	6692				no
2144	P	6695				no
2145	F	6698				no
2146	L	6701				no
2147	N	6704				no
2148	K	6707				no
2149	V	6710				no
2150	V	6713				no
2151	S	6716				no
2152	T	6719				no
2153	T	6722				no
2154	T	6725				no
2155	N	6728				no
2156	I	6731				no
2157	V	6734				no
2158	T	6737				no
2159	R	6740				no
2160	C	6743				no
2161	L	6746				no
2162	N	6749				no
2163	R	6752				no
2164	V	6755				no
2165	C	6758				no
2166	T	6761				no
2167	N	6764				no
2168	Y	6767				no
2169	M	6770				no
2170	P	6773				no
2171	Y	6776				no
2172	F	6779				no
2173	F	6782				no
2174	T	6785				no
2175	L	6788				no
2176	L	6791				no
2177	L	6794				no
2178	Q	6797				no
2179	L	6800				no
2180	C	6803				no
2181	T	6806				no
2182	F	6809				no
2183	T	6812				no
2184	R	6815				no
2185	S	6818				no
2186	T	6821				no
2187	N	6824				no
2188	S	6827				no
2189	R	6830				no
2190	I	6833				no
2191	K	6836				no
2192	A	6839				no
2193	S	6842				no
2194	M	6845				no
2195	P	6848				no
2196	T	6851				no
2197	T	6854				no
2198	I	6857				no
2199	A	6860				no
2200	K	6863				no
2201	N	6866				no
2202	T	6869				no
2203	V	6872				no
2204	K	6875				no
2205	S	6878				no
2206	V	6881				no
2207	G	6884				no
2208	K	6887				no
2209	F	6890				no
2210	C	6893				no
2211	L	6896				no
2212	E	6899				no
2213	A	6902				no
2214	S	6905				no
2215	F	6908				no
2216	N	6911				no
2217	Y	6914				no
2218	L	6917				no
2219	K	6920				no
2220	S	6923				no
2221	P	6926				no
2222	N	6929				no
2223	F	6932				no
2224	S	6935				no
2225	K	6938				no
2226	L	6941				no
2227	I	6944				no
2228	N	6947				no
2229	I	6950				no
2230	I	6953				no
2231	I	6956				no
2232	W	6959				no
2233	F	6962				no
2234	L	6965				no
2235	L	6968				no
2236	L	6971				no
2237	S	6974				no
2238	V	6977				no
2239	C	6980				no
2240	L	6983				no
2241	G	6986				no
2242	S	6989				no
2243	L	6992				no
2244	I	6995				no
2245	Y	6998				no
2246	S	7001				no
2247	T	7004				no
2248	A	7007				no
2249	A	7010				no
2250	L	7013				no
2251	G	7016				no
2252	V	7019				no
2253	L	7022				no
2254	M	7025				no
2255	S	7028				no
2256	N	7031				no
2257	L	7034				no
2258	G	7037				no
2259	M	7040				no
2260	P	7043				no
2261	S	7046				no
2262	Y	7049				no
2263	C	7052				no
2264	T	7055				no
2265	G	7058				no
2266	Y	7061				no
2267	R	7064				no
2268	E	7067				no
2269	G	7070				no
2270	Y	7073				no
2271	L	7076				no
2272	N	7079				no
2273	S	7082				no
2274	T	7085				no
2275	N	7088				no
2276	V	7091				no
2277	T	7094				no
2278	I	7097				no
2279	A	7100				no
2280	T	7103				no
2281	Y	7106				no
2282	C	7109				no
2283	T	7112				no
2284	G	7115				no
2285	S	7118				no
2286	I	7121				no
2287	P	7124				no
2288	C	7127				no
2289	S	7130				no
2290	V	7133				no
2291	C	7136				no
2292	L	7139				no
2293	S	7142				no
2294	G	7145				no
2295	L	7148				no
2296	D	7151				no
2297	S	7154				no
2298	L	7157				no
2299	D	7160				no
2300	T	7163				no
2301	Y	7166				no
2302	P	7169				no
2303	S	7172				no
2304	L	7175				no
2305	E	7178				no
2306	T	7181				no
2307	I	7184				no
2308	Q	7187				no
2309	I	7190				no
2310	T	7193				no
2311	I	7196				no
2312	S	7199				no
2313	S	7202				no
2314	F	7205				no
2315	K	7208				no
2316	W	7211				no
2317	D	7214				no
2318	L	7217				no
2319	T	7220				no
2320	A	7223				no
2321	F	7226				no
2322	G	7229				no
2323	L	7232				no
2324	V	7235				no
2325	A	7238				no
2326	E	7241				no
2327	W	7244				no
2328	F	7247				no
2329	L	7250				no
2330	A	7253				no
2331	Y	7256				no
2332	I	7259				no
2333	L	7262				no
2334	F	7265				no
2335	T	7268				no
2336	R	7271				no
2337	F	7274				no
2338	F	7277				no
2339	Y	7280				no
2340	V	7283				no
2341	L	7286				no
2342	G	7289				no
2343	L	7292				no
2344	A	7295				no
2345	A	7298				no
2346	I	7301				no
2347	M	7304				no
2348	Q	7307				no
2349	L	7310				no
2350	F	7313				no
2351	F	7316				no
2352	S	7319				no
2353	Y	7322				no
2354	F	7325				no
2355	A	7328				no
2356	V	7331				no
2357	H	7334				no
2358	F	7337				no
2359	I	7340				no
2360	S	7343				no
2361	N	7346				no
2362	S	7349				no
2363	W	7352				no
2364	L	7355				no
2365	M	7358				no
2366	W	7361				no
2367	L	7364				no
2368	I	7367				no
2369	I	7370				no
2370	N	7373				no
2371	L	7376				no
2372	V	7379				no
2373	Q	7382				no
2374	M	7385				no
2375	A	7388				no
2376	P	7391				no
2377	I	7394				no
2378	S	7397				no
2379	A	7400				no
2380	M	7403				no
2381	V	7406				no
2382	R	7409				no
2383	M	7412				no
2384	Y	7415				no
2385	I	7418				no
2386	F	7421				no
2387	F	7424				no
2388	A	7427				no
2389	S	7430				no
2390	F	7433				no
2391	Y	7436				no
2392	Y	7439				no
2393	V	7442				no
2394	W	7445				no
2395	K	7448				no
2396	S	7451				no
2397	Y	7454				no
2398	V	7457				no
2399	H	7460				no
2400	V	7463				no
2401	V	7466				no
2402	D	7469				no
2403	G	7472				no
2404	C	7475				no
2405	N	7478				no
2406	S	7481				no
2407	S	7484				no
2408	T	7487				no
2409	C	7490				no
2410	M	7493				no
2411	M	7496				no
2412	C	7499				no
2413	Y	7502				no
2414	K	7505				no
2415	R	7508				no
2416	N	7511				no
2417	R	7514				no
2418	A	7517				no
2419	T	7520				no
2420	R	7523				no
2421	V	7526				no
2422	E	7529				no
2423	C	7532				no
2424	T	7535				no
2425	T	7538				no
2426	I	7541				no
2427	V	7544				no
2428	N	7547				no
2429	G	7550				no
2430	V	7553				no
2431	R	7556				no
2432	R	7559				no
2433	S	7562				no
2434	F	7565				no
2435	Y	7568				no
2436	V	7571				no
2437	Y	7574				no
2438	A	7577				no
2439	N	7580				no
2440	G	7583				no
2441	G	7586				no
2442	K	7589				no
2443	G	7592				no
2444	F	7595				no
2445	C	7598				no
2446	K	7601				no
2447	L	7604				no
2448	H	7607				no
2449	N	7610				no
2450	W	7613				no
2451	N	7616				no
2452	C	7619				no
2453	V	7622				no
2454	N	7625				no
2455	C	7628				no
2456	D	7631				no
2457	T	7634				no
2458	F	7637				no
2459	C	7640				no
2460	A	7643				no
2461	G	7646				no
2462	S	7649				no
2463	T	7652				no
2464	F	7655				no
2465	I	7658				no
2466	S	7661				no
2467	D	7664				no
2468	E	7667				no
2469	V	7670				no
2470	A	7673				no
2471	R	7676				no
2472	D	7679				no
2473	L	7682				no
2474	S	7685				no
2475	L	7688				no
2476	Q	7691				no
2477	F	7694				no
2478	K	7697				no
2479	R	7700				no
2480	P	7703				no
2481	I	7706				no
2482	N	7709				no
2483	P	7712				no
2484	T	7715				no
2485	D	7718				no
2486	Q	7721				no
2487	S	7724				no
2488	S	7727				no
2489	Y	7730				no
2490	I	7733				no
2491	V	7736				no
2492	D	7739				no
2493	S	7742				no
2494	V	7745				no
2495	T	7748				no
2496	V	7751				no
2497	K	7754				no
2498	N	7757				no
2499	G	7760				no
2500	S	7763				no
2501	I	7766				no
2502	H	7769				no
2503	L	7772				no
2504	Y	7775				no
2505	F	7778				no
2506	D	7781				no
2507	K	7784				no
2508	A	7787				no
2509	G	7790				no
2510	Q	7793				no
2511	K	7796				no
2512	T	7799				no
2513	Y	7802				no
2514	E	7805				no
2515	R	7808				no
2516	H	7811				no
2517	S	7814				no
2518	L	7817				no
2519	S	7820				no
2520	H	7823				no
2521	F	7826				no
2522	V	7829				no
2523	N	7832				no
2524	L	7835				no
2525	D	7838				no
2526	N	7841				no
2527	L	7844				no
2528	R	7847				no
2529	A	7850				no
2530	N	7853				no
2531	N	7856				no
2532	T	7859				no
2533	K	7862				no
2534	G	7865				no
2535	S	7868				no
2536	L	7871				no
2537	P	7874				no
2538	I	7877				no
2539	N	7880				no
2540	V	7883				no
2541	I	7886				no
2542	V	7889				no
2543	F	7892				no
2544	D	7895				no
2545	G	7898				no
2546	K	7901				no
2547	S	7904				no
2548	K	7907				no
2549	C	7910				no
2550	E	7913				no
2551	E	7916				no
2552	S	7919				no
2553	S	7922				no
2554	A	7925				no
2555	K	7928				no
2556	S	7931				no
2557	A	7934				no
2558	S	7937				no
2559	V	7940				no
2560	Y	7943				no
2561	Y	7946				no
2562	S	7949				no
2563	Q	7952				no
2564	L	7955				no
2565	M	7958				no
2566	C	7961				no
2567	Q	7964				no
2568	P	7967				no
2569	I	7970				no
2570	L	7973				no
2571	L	7976				no
2572	L	7979				no
2573	D	7982				no
2574	Q	7985				no
2575	A	7988				no
2576	L	7991				no
2577	V	7994				no
2578	S	7997				no
2579	D	8000				no
2580	V	8003				no
2581	G	8006				no
2582	D	8009				no
2583	S	8012				no
2584	A	8015				no
2585	E	8018				no
2586	V	8021				no
2587	A	8024				no
2588	V	8027				no
2589	K	8030				no
2590	M	8033				no
2591	F	8036				no
2592	D	8039				no
2593	A	8042				no
2594	Y	8045				no
2595	V	8048				no
2596	N	8051				no
2597	T	8054				no
2598	F	8057				no
2599	S	8060				no
2600	S	8063				no
2601	T	8066				no
2602	F	8069				no
2603	N	8072				no
2604	V	8075				no
2605	P	8078				no
2606	M	8081				no
2607	E	8084				no
2608	K	8087				no
2609	L	8090				no
2610	K	8093				no
2611	T	8096				no
2612	L	8099				no
2613	V	8102				no
2614	A	8105				no
2615	T	8108				no
2616	A	8111				no
2617	E	8114				no
2618	A	8117				no
2619	E	8120				no
2620	L	8123				no
2621	A	8126				no
2622	K	8129				no
2623	N	8132				no
2624	V	8135				no
2625	S	8138				no
2626	L	8141				no
2627	D	8144				no
2628	N	8147				no
2629	V	8150				no
2630	L	8153				no
2631	S	8156				no
2632	T	8159				no
2633	F	8162				no
2634	I	8165				no
2635	S	8168				no
2636	A	8171				no
2637	A	8174				no
2638	R	8177				no
2639	Q	8180				no
2640	G	8183				no
2641	F	8186				no
2642	V	8189				no
2643	D	8192				no
2644	S	8195				no
2645	D	8198				no
2646	V	8201				no
2647	E	8204				no
2648	T	8207				no
2649	K	8210				no
2650	D	8213				no
2651	V	8216				no
2652	V	8219				no
2653	E	8222				no
2654	C	8225				no
2655	L	8228				no
2656	K	8231				no
2657	L	8234				no
2658	S	8237				no
2659	H	8240				no
2660	Q	8243				no
2661	S	8246				no
2662	D	8249				no
2663	I	8252				no
2664	E	8255				no
2665	V	8258				no
2666	T	8261				no
2667	G	8264				no
2668	D	8267				no
2669	S	8270				no
2670	C	8273				no
2671	N	8276				no
2672	N	8279				no
2673	Y	8282				no
2674	M	8285				no
2675	L	8288				no
2676	T	8291				no
2677	Y	8294				no
2678	N	8297				no
2679	K	8300				no
2680	V	8303				no
2681	E	8306				no
2682	N	8309				no
2683	M	8312				no
2684	T	8315				no
2685	P	8318				no
2686	R	8321				no
2687	D	8324				no
2688	L	8327				no
2689	G	8330				no
2690	A	8333				no
2691	C	8336				no
2692	I	8339				no
2693	D	8342				no
2694	C	8345				no
2695	S	8348				no
2696	A	8351				no
2697	R	8354				no
2698	H	8357				no
2699	I	8360				no
2700	N	8363				no
2701	A	8366				no
2702	Q	8369				no
2703	V	8372				no
2704	A	8375				no
2705	K	8378				no
2706	S	8381				no
2707	H	8384				no
2708	N	8387				no
2709	I	8390				no
2710	A	8393				no
2711	L	8396				no
2712	I	8399				no
2713	W	8402				no
2714	N	8405				no
2715	V	8408				no
2716	K	8411				no
2717	D	8414				no
2718	F	8417				no
2719	M	8420				no
2720	S	8423				no
2721	L	8426				no
2722	S	8429				no
2723	E	8432				no
2724	Q	8435				no
2725	L	8438				no
2726	R	8441				no
2727	K	8444				no
2728	Q	8447				no
2729	I	8450				no
2730	R	8453				no
2731	S	8456				no
2732	A	8459				no
2733	A	8462				no
2734	K	8465				no
2735	K	8468				no
2736	N	8471				no
2737	N	8474				no
2738	L	8477				no
2739	P	8480				no
2740	F	8483				no
2741	K	8486				no
2742	L	8489				no
2743	T	8492				no
2744	C	8495				no
2745	A	8498				no
2746	T	8501				no
2747	T	8504				no
2748	R	8507				no
2749	Q	8510				no
2750	V	8513				no
2751	V	8516				no
2752	N	8519				no
2753	V	8522				no
2754	V	8525				no
2755	T	8528				no
2756	T	8531				no
2757	K	8534				no
2758	I	8537				no
2759	A	8540				no
2760	L	8543				no
2761	K	8546				no
2762	G	8549				no
2763	G	8552				no
2764	K	8555				no
2765	I	8558				no
2766	V	8561				no
2767	N	8564				no
2768	N	8567				no
2769	W	8570				no
2770	L	8573				no
2771	K	8576				no
2772	Q	8579				no
2773	L	8582				no
2774	I	8585				no
2775	K	8588				no
2776	V	8591				no
2777	T	8594				no
2778	L	8597				no
2779	V	8600				no
2780	F	8603				no
2781	L	8606				no
2782	F	8609				no
2783	V	8612				no
2784	A	8615				no
2785	A	8618				no
2786	I	8621				no
2787	F	8624				no
2788	Y	8627				no
2789	L	8630				no
2790	I	8633				no
2791	T	8636				no
2792	P	8639				no
2793	V	8642				no
2794	H	8645				no
2795	V	8648				no
2796	M	8651				no
2797	S	8654				no
2798	K	8657				no
2799	H	8660				no
2800	T	8663				no
2801	D	8666				no
2802	F	8669				no
2803	S	8672				no
2804	S	8675				no
2805	E	8678				no
2806	I	8681				no
2807	I	8684				no
2808	G	8687				no
2809	Y	8690				no
2810	K	8693				no
2811	A	8696				no
2812	I	8699				no
2813	D	8702				no
2814	G	8705				no
2815	G	8708				no
2816	V	8711				no
2817	T	8714				no
2818	R	8717				no
2819	D	8720				no
2820	I	8723				no
2821	A	8726				no
2822	S	8729				no
2823	T	8732				no
2824	D	8735				no
2825	T	8738				no
2826	C	8741				no
2827	F	8744				no
2828	A	8747				no
2829	N	8750				no
2830	K	8753				no
2831	H	8756				no
2832	A	8759				no
2833	D	8762				no
2834	F	8765				no
2835	D	8768				no
2836	T	8771				no
2837	W	8774				no
2838	F	8777				no
2839	S	8780				no
2840	Q	8783				no
2841	R	8786				no
2842	G	8789				no
2843	G	8792				no
2844	S	8795				no
2845	Y	8798				no
2846	T	8801				no
2847	N	8804				no
2848	D	8807				no
2849	K	8810				no
2850	A	8813				no
2851	C	8816				no
2852	P	8819				no
2853	L	8822				no
2854	I	8825				no
2855	A	8828				no
2856	A	8831				no
2857	V	8834				no
2858	I	8837				no
2859	T	8840				no
2860	R	8843				no
2861	E	8846				no
2862	V	8849				no
2863	G	8852				no
2864	F	8855				no
2865	V	8858				no
2866	V	8861				no
2867	P	8864				no
2868	G	8867				no
2869	L	8870				no
2870	P	8873				no
2871	G	8876				no
2872	T	8879				no
2873	I	8882				no
2874	L	8885				no
2875	R	8888				no
2876	T	8891				no
2877	T	8894				no
2878	N	8897				no
2879	G	8900				no
2880	D	8903				no
2881	F	8906				no
2882	L	8909				no
2883	H	8912				no
2884	F	8915				no
2885	L	8918				no
2886	P	8921				no
2887	R	8924				no
2888	V	8927				no
2889	F	8930				no
2890	S	8933				no
2891	A	8936				no
2892	V	8939				no
2893	G	8942				no
2894	N	8945				no
2895	I	8948				no
2896	C	8951				no
2897	Y	8954				no
2898	T	8957				no
2899	P	8960				no
2900	S	8963				no
2901	K	8966				no
2902	L	8969				no
2903	I	8972				no
2904	E	8975				no
2905	Y	8978				no
2906	T	8981				no
2907	D	8984				no
2908	F	8987				no
2909	A	8990				no
2910	T	8993				no
2911	S	8996				no
2912	A	8999				no
2913	C	9002				no
2914	V	9005				no
2915	L	9008				no
2916	A	9011				no
2917	A	9014				no
2918	E	9017				no
2919	C	9020				no
2920	T	9023				no
2921	I	9026				no
2922	F	9029				no
2923	K	9032				no
2924	D	9035				no
2925	A	9038				no
2926	S	9041				no
2927	G	9044				no
2928	K	9047				no
2929	P	9050				no
2930	V	9053				no
2931	P	9056				no
2932	Y	9059				no
2933	C	9062				no
2934	Y	9065				no
2935	D	9068				no
2936	T	9071				no
2937	N	9074				no
2938	V	9077				no
2939	L	9080				no
2940	E	9083				no
2941	G	9086				no
2942	S	9089				no
2943	V	9092				no
2944	A	9095				no
2945	Y	9098				no
2946	E	9101				no
2947	S	9104				no
2948	L	9107				no
2949	R	9110				no
2950	P	9113				no
2951	D	9116				no
2952	T	9119				no
2953	R	9122				no
2954	Y	9125				no
2955	V	9128				no
2956	L	9131				no
2957	M	9134				no
2958	D	9137				no
2959	G	9140				no
2960	S	9143				no
2961	I	9146				no
2962	I	9149				no
2963	Q	9152				no
2964	F	9155				no
2965	P	9158				no
2966	N	9161				no
2967	T	9164				no
2968	Y	9167				no
2969	L	9170				no
2970	E	9173				no
2971	G	9176				no
2972	S	9179				no
2973	V	9182				no
2974	R	9185				no
2975	V	9188				no
2976	V	9191				no
2977	T	9194				no
2978	T	9197				no
2979	F	9200				no
2980	D	9203				no
2981	S	9206				no
2982	E	9209				no
2983	Y	9212				no
2984	C	9215				no
2985	R	9218				no
2986	H	9221				no
2987	G	9224				no
2988	T	9227				no
2989	C	9230				no
2990	E	9233				no
2991	R	9236				no
2992	S	9239				no
2993	E	9242				no
2994	A	9245				no
2995	G	9248				no
2996	V	9251				no
2997	C	9254				no
2998	V	9257				no
2999	S	9260				no
3000	T	9263				no
3001	S	9266				no
3002	G	9269				no
3003	R	9272				no
3004	W	9275				no
3005	V	9278				no
3006	L	9281				no
3007	N	9284				no
3008	N	9287				no
3009	D	9290				no
3010	Y	9293				no
3011	Y	9296				no
3012	R	9299				no
3013	S	9302				no
3014	L	9305				no
3015	P	9308				no
3016	G	9311				no
3017	V	9314				no
3018	F	9317				no
3019	C	9320				no
3020	G	9323				no
3021	V	9326				no
3022	D	9329				no
3023	A	9332				no
3024	V	9335				no
3025	N	9338				no
3026	L	9341				no
3027	L	9344				no
3028	T	9347				no
3029	N	9350				no
3030	M	9353				no
3031	F	9356				no
3032	T	9359				no
3033	P	9362				no
3034	L	9365				no
3035	I	9368				no
3036	Q	9371				no
3037	P	9374				no
3038	I	9377				no
3039	G	9380				no
3040	A	9383				no
3041	L	9386				no
3042	D	9389				no
3043	I	9392				no
3044	S	9395				no
3045	A	9398				no
3046	S	9401				no
3047	I	9404				no
3048	V	9407				no
3049	A	9410				no
3050	G	9413				no
3051	G	9416				no
3052	I	9419				no
3053	V	9422				no
3054	A	9425				no
3055	I	9428				no
3056	V	9431				no
3057	V	9434				no
3058	T	9437				no
3059	C	9440				no
3060	L	9443				no
3061	A	9446				no
3062	Y	9449				no
3063	Y	9452				no
3064	F	9455				no
3065	M	9458				no
3066	R	9461				no
3067	F	9464				no
3068	R	9467				no
3069	R	9470				no
3070	A	9473				no
3071	F	9476				no
3072	G	9479				no
3073	E	9482				no
3074	Y	9485				no
3075	S	9488				no
3076	H	9491				no
3077	V	9494				no
3078	V	9497				no
3079	A	9500				no
3080	F	9503				no
3081	N	9506				no
3082	T	9509				no
3083	L	9512				no
3084	L	9515				no
3085	F	9518				no
3086	L	9521				no
3087	M	9524				no
3088	S	9527				no
3089	F	9530				no
3090	T	9533				no
3091	V	9536				no
3092	L	9539				no
3093	C	9542				no
3094	L	9545				no
3095	T	9548				no
3096	P	9551				no
3097	V	9554				no
3098	Y	9557				no
3099	S	9560				no
3100	F	9563				no
3101	L	9566				no
3102	P	9569				no
3103	G	9572				no
3104	V	9575				no
3105	Y	9578				no
3106	S	9581				no
3107	V	9584				no
3108	I	9587				no
3109	Y	9590				no
3110	L	9593				no
3111	Y	9596				no
3112	L	9599				no
3113	T	9602				no
3114	F	9605				no
3115	Y	9608				no
3116	L	9611				no
3117	T	9614				no
3118	N	9617				no
3119	D	9620				no
3120	V	9623				no
3121	S	9626				no
3122	F	9629				no
3123	L	9632				no
3124	A	9635				no
3125	H	9638				no
3126	I	9641				no
3127	Q	9644				no
3128	W	9647				no
3129	M	9650				no
3130	V	9653				no
3131	M	9656				no
3132	F	9659				no
3133	T	9662				no
3134	P	9665				no
3135	L	9668				no
3136	V	9671				no
3137	P	9674				no
3138	F	9677				no
3139	W	9680				no
3140	I	9683				no
3141	T	9686				no
3142	I	9689				no
3143	A	9692				no
3144	Y	9695				no
3145	I	9698				no
3146	I	9701				no
3147	C	9704				no
3148	I	9707				no
3149	S	9710				no
3150	T	9713				no
3151	K	9716				no
3152	H	9719				no
3153	F	9722				no
3154	Y	9725				no
3155	W	9728				no
3156	F	9731				no
3157	F	9734				no
3158	S	9737				no
3159	N	9740				no
3160	Y	9743				no
3161	L	9746				no
3162	K	9749				no
3163	R	9752				no
3164	R	9755				no
3165	V	9758				no
3166	V	9761				no
3167	F	9764				no
3168	N	9767				no
3169	G	9770				no
3170	V	9773				no
3171	S	9776				no
3172	F	9779				no
3173	S	9782				no
3174	T	9785				no
3175	F	9788				no
3176	E	9791				no
3177	E	9794				no
3178	A	9797				no
3179	A	9800				no
3180	L	9803				no
3181	C	9806				no
3182	T	9809				no
3183	F	9812				no
3184	L	9815				no
3185	L	9818				no
3186	N	9821				no
3187	K	9824				no
3188	E	9827				no
3189	M	9830				no
3190	Y	9833				no
3191	L	9836				no
3192	K	9839				no
3193	L	9842				no
3194	R	9845				no
3195	S	9848				no
3196	D	9851				no
3197	V	9854				no
3198	L	9857				no
3199	L	9860				no
3200	P	9863				no
3201	L	9866				no
3202	T	9869				no
3203	Q	9872				no
3204	Y	9875				no
3205	N	9878				no
3206	R	9881				no
3207	Y	9884				no
3208	L	9887				no
3209	A	9890				no
3210	L	9893				no
3211	Y	9896				no
3212	N	9899				no
3213	K	9902				no
3214	Y	9905				no
3215	K	9908				no
3216	Y	9911				no
3217	F	9914				no
3218	S	9917				no
3219	G	9920				no
3220	A	9923				no
3221	M	9926				no
3222	D	9929				no
3223	T	9932				no
3224	T	9935				no
3225	S	9938				no
3226	Y	9941				no
3227	R	9944				no
3228	E	9947				no
3229	A	9950				no
3230	A	9953				no
3231	C	9956				no
3232	C	9959				no
3233	H	9962				no
3234	L	9965				no
3235	A	9968				no
3236	K	9971				no
3237	A	9974				no
3238	L	9977				no
3239	N	9980				no
3240	D	9983				no
3241	F	9986				no
3242	S	9989				no
3243	N	9992				no
3244	S	9995				no
3245	G	9998				no
3246	S	10001				no
3247	D	10004				no
3248	V	10007				no
3249	L	10010				no
3250	Y	10013				no
3251	Q	10016				no
3252	P	10019				no
3253	P	10022				no
3254	Q	10025				no
3255	T	10028				no
3256	S	10031				no
3257	I	10034				no
3258	T	10037				no
3259	S	10040				no
3260	A	10043				no
3261	V	10046				no
3262	L	10049				no
3263	Q	10052				no
3264	S	10055				no
3265	G	10058				no
3266	F	10061				no
3267	R	10064				no
3268	K	10067				no
3269	M	10070				no
3270	A	10073				no
3271	F	10076				no
3272	P	10079				no
3273	S	10082				no
3274	G	10085				no
3275	K	10088				no
3276	V	10091				no
3277	E	10094				no
3278	G	10097				no
3279	C	10100				no
3280	M	10103				no
3281	V	10106				no
3282	Q	10109				no
3283	V	10112				no
3284	T	10115				no
3285	C	10118				no
3286	G	10121				no
3287	T	10124				no
3288	T	10127				no
3289	T	10130				no
3290	L	10133				no
3291	N	10136				no
3292	G	10139				no
3293	L	10142				no
3294	W	10145				no
3295	L	10148				no
3296	D	10151				no
3297	D	10154				no
3298	V	10157				no
3299	V	10160				no
3300	Y	10163				no
3301	C	10166				no
3302	P	10169				no
3303	R	10172				no
3304	H	10175				no
3305	V	10178				no
3306	I	10181				no
3307	C	10184				no
3308	T	10187				no
3309	S	10190				no
3310	E	10193				no
3311	D	10196				no
3312	M	10199				no
3313	L	10202				no
3314	N	10205				no
3315	P	10208				no
3316	N	10211				no
3317	Y	10214				no
3318	E	10217				no
3319	D	10220				no
3320	L	10223				no
3321	L	10226				no
3322	I	10229				no
3323	R	10232				no
3324	K	10235				no
3325	S	10238				no
3326	N	10241				no
3327	H	10244				no
3328	N	10247				no
3329	F	10250				no
3330	L	10253				no
3331	V	10256				no
3332	Q	10259				no
3333	A	10262				no
3334	G	10265				no
3335	N	10268				no
3336	V	10271				no
3337	Q	10274				no
3338	L	10277				no
3339	R	10280				no
3340	V	10283				no
3341	I	10286				no
3342	G	10289				no
3343	H	10292				no
3344	S	10295				no
3345	M	10298				no
3346	Q	10301				no
3347	N	10304				no
3348	C	10307				no
3349	V	10310				no
3350	L	10313				no
3351	K	10316				no
3352	L	10319				no
3353	K	10322				no
3354	V	10325				no
3355	D	10328				no
3356	T	10331				no
3357	A	10334				no
3358	N	10337				no
3359	P	10340				no
3360	K	10343				no
3361	T	10346				no
3362	P	10349				no
3363	K	10352				no
3364	Y	10355				no
3365	K	10358				no
3366	F	10361				no
3367	V	10364				no
3368	R	10367				no
3369	I	10370				no
3370	Q	10373				no
3371	P	10376				no
3372	G	10379				no
3373	Q	10382				no
3374	T	10385				no
3375	F	10388				no
3376	S	10391				no
3377	V	10394				no
3378	L	10397				no
3379	A	10400				no
3380	C	10403				no
3381	Y	10406				no
3382	N	10409				no
3383	G	10412				no
3384	S	10415				no
3385	P	10418				no
3386	S	10421				no
3387	G	10424				no
3388	V	10427				no
3389	Y	10430				no
3390	Q	10433				no
3391	C	10436				no
3392	A	10439				no
3393	M	10442				no
3394	R	10445				no
3395	P	10448				no
3396	N	10451				no
3397	F	10454				no
3398	T	10457				no
3399	I	10460				no
3400	K	10463				no
3401	G	10466				no
3402	S	10469				no
3403	F	10472				no
3404	L	10475				no
3405	N	10478				no
3406	G	10481				no
3407	S	10484				no
3408	C	10487				no
3409	G	10490				no
3410	S	10493				no
3411	V	10496				no
3412	G	10499				no
3413	F	10502				no
3414	N	10505				no
3415	I	10508				no
3416	D	10511				no
3417	Y	10514				no
3418	D	10517				no
3419	C	10520				no
3420	V	10523				no
3421	S	10526				no
3422	F	10529				no
3423	C	10532				no
3424	Y	10535				no
3425	M	10538				no
3426	H	10541				no
3427	H	10544				no
3428	M	10547				no
3429	E	10550				no
3430	L	10553				no
3431	P	10556				no
3432	T	10559				no
3433	G	10562				no
3434	V	10565				no
3435	H	10568				no
3436	A	10571				no
3437	G	10574				no
3438	T	10577				no
3439	D	10580				no
3440	L	10583				no
3441	E	10586				no
3442	G	10589				no
3443	N	10592				no
3444	F	10595				no
3445	Y	10598				no
3446	G	10601				no
3447	P	10604				no
3448	F	10607				no
3449	V	10610				no
3450	D	10613				no
3451	R	10616				no
3452	Q	10619				no
3453	T	10622				no
3454	A	10625				no
3455	Q	10628				no
3456	A	10631				no
3457	A	10634				no
3458	G	10637				no
3459	T	10640				no
3460	D	10643				no
3461	T	10646				no
3462	T	10649				no
3463	I	10652				no
3464	T	10655				no
3465	V	10658				no
3466	N	10661				no
3467	V	10664				no
3468	L	10667				no
3469	A	10670				no
3470	W	10673				no
3471	L	10676				no
3472	Y	10679				no
3473	A	10682				no
3474	A	10685				no
3475	V	10688				no
3476	I	10691				no
3477	N	10694				no
3478	G	10697				no
3479	D	10700				no
3480	R	10703				no
3481	W	10706				no
3482	F	10709				no
3483	L	10712				no
3484	N	10715				no
3485	R	10718				no
3486	F	10721				no
3487	T	10724				no
3488	T	10727				no
3489	T	10730				no
3490	L	10733				no
3491	N	10736				no
3492	D	10739				no
3493	F	10742				no
3494	N	10745				no
3495	L	10748				no
3496	V	10751				no
3497	A	10754				no
3498	M	10757				no
3499	K	10760				no
3500	Y	10763				no
3501	N	10766				no
3502	Y	10769				no
3503	E	10772				no
3504	P	10775				no
3505	L	10778				no
3506	T	10781				no
3507	Q	10784				no
3508	D	10787				no
3509	H	10790				no
3510	V	10793				no
3511	D	10796				no
3512	I	10799				no
3513	L	10802				no
3514	G	10805				no
3515	P	10808				no
3516	L	10811				no
3517	S	10814				no
3518	A	10817				no
3519	Q	10820				no
3520	T	10823				no
3521	G	10826				no
3522	I	10829				no
3523	A	10832				no
3524	V	10835				no
3525	L	10838				no
3526	D	10841				no
3527	M	10844				no
3528	C	10847				no
3529	A	10850				no
3530	S	10853				no
3531	L	10856				no
3532	K	10859				no
3533	E	10862				no
3534	L	10865				no
3535	L	10868				no
3536	Q	10871				no
3537	N	10874				no
3538	G	10877				no
3539	M	10880				no
3540	N	10883				no
3541	G	10886				no
3542	R	10889				no
3543	T	10892				no
3544	I	10895				no
3545	L	10898				no
3546	G	10901				no
3547	S	10904				no
3548	A	10907				no
3549	L	10910				no
3550	L	10913				no
3551	E	10916				no
3552	D	10919				no
3553	E	10922				no
3554	F	10925				no
3555	T	10928				no
3556	P	10931				no
3557	F	10934				no
3558	D	10937				no
3559	V	10940				no
3560	V	10943				no
3561	R	10946				no
3562	Q	10949				no
3563	C	10952				no
3564	S	10955				no
3565	G	10958				no
3566	V	10961				no
3567	T	10964				no
3568	F	10967				no
3569	Q	10970				no
3570	S	10973				no
3571	A	10976				no
3572	V	10979				no
3573	K	10982				no
3574	R	10985				no
3575	T	10988				no
3576	I	10991				no
3577	K	10994				no
3578	G	10997				no
3579	T	11000				no
3580	H	11003				no
3581	H	11006				no
3582	W	11009				no
3583	L	11012				no
3584	L	11015				no
3585	L	11018				no
3586	T	11021				no
3587	I	11024				no
3588	L	11027				no
3589	T	11030				no
3590	S	11033				no
3591	L	11036				no
3592	L	11039				no
3593	V	11042				no
3594	L	11045				no
3595	V	11048				no
3596	Q	11051				no
3597	S	11054				no
3598	T	11057				no
3599	Q	11060				no
3600	W	11063				no
3601	S	11066				no
3602	L	11069				no
3603	F	11072				no
3604	F	11075				no
3605	F	11078				no
3606	L	11081				no
3607	Y	11084				no
3608	E	11087				no
3609	N	11090				no
3610	A	11093				no
3611	F	11096				no
3612	L	11099				no
3613	P	11102				no
3614	F	11105				no
3615	A	11108				no
3616	M	11111				no
3617	G	11114				no
3618	I	11117				no
3619	I	11120				no
3620	A	11123				no
3621	M	11126				no
3622	S	11129				no
3623	A	11132				no
3624	F	11135				no
3625	A	11138				no
3626	M	11141				no
3627	M	11144				no
3628	F	11147				no
3629	V	11150				no
3630	K	11153				no
3631	H	11156				no
3632	K	11159				no
3633	H	11162				no
3634	A	11165				no
3635	F	11168				no
3636	L	11171				no
3637	C	11174				no
3638	L	11177				no
3639	F	11180				no
3640	L	11183				no
3641	L	11186				no
3642	P	11189				no
3643	S	11192				no
3644	L	11195				no
3645	A	11198				no
3646	T	11201				no
3647	V	11204				no
3648	A	11207				no
3649	Y	11210				no
3650	F	11213				no
3651	N	11216				no
3652	M	11219				no
3653	V	11222				no
3654	Y	11225				no
3655	M	11228				no
3656	P	11231				no
3657	A	11234				no
3658	S	11237				no
3659	W	11240				no
3660	V	11243				no
3661	M	11246				no
3662	R	11249				no
3663	I	11252				no
3664	M	11255				no
3665	T	11258				no
3666	W	11261				no
3667	L	11264				no
3668	D	11267				no
3669	M	11270				no
3670	V	11273				no
3671	D	11276				no
3672	T	11279				no
3673	S	11282				no
3674	L	11285				no
3675	S	11288				no
3676	G	11291				no
3677	F	11294				no
3678	K	11297				no
3679	L	11300				no
3680	K	11303				no
3681	D	11306				no
3682	C	11309				no
3683	V	11312				no
3684	M	11315				no
3685	Y	11318				no
3686	A	11321				no
3687	S	11324				no
3688	A	11327				no
3689	V	11330				no
3690	V	11333				no
3691	L	11336				no
3692	L	11339				no
3693	I	11342				no
3694	L	11345				no
3695	M	11348				no
3696	T	11351				no
3697	A	11354				no
3698	R	11357				no
3699	T	11360				no
3700	V	11363				no
3701	Y	11366				no
3702	D	11369				no
3703	D	11372				no
3704	G	11375				no
3705	A	11378				no
3706	R	11381				no
3707	R	11384				no
3708	V	11387				no
3709	W	11390				no
3710	T	11393				no
3711	L	11396				no
3712	M	11399				no
3713	N	11402				no
3714	V	11405				no
3715	L	11408				no
3716	T	11411				no
3717	L	11414				no
3718	V	11417				no
3719	Y	11420				no
3720	K	11423				no
3721	V	11426				no
3722	Y	11429				no
3723	Y	11432				no
3724	G	11435				no
3725	N	11438				no
3726	A	11441				no
3727	L	11444				no
3728	D	11447				no
3729	Q	11450				no
3730	A	11453				no
3731	I	11456				no
3732	S	11459				no
3733	M	11462				no
3734	W	11465				no
3735	A	11468				no
3736	L	11471				no
3737	I	11474				no
3738	I	11477				no
3739	S	11480				no
3740	V	11483				no
3741	T	11486				no
3742	S	11489				no
3743	N	11492				no
3744	Y	11495				no
3745	S	11498				no
3746	G	11501				no
3747	V	11504				no
3748	V	11507				no
3749	T	11510				no
3750	T	11513				no
3751	V	11516				no
3752	M	11519				no
3753	F	11522				no
3754	L	11525				no
3755	A	11528				no
3756	R	11531				no
3757	G	11534				no
3758	I	11537				no
3759	V	11540				no
3760	F	11543				no
3761	M	11546				no
3762	C	11549				no
3763	V	11552				no
3764	E	11555				no
3765	Y	11558				no
3766	C	11561				no
3767	P	11564				no
3768	I	11567				no
3769	F	11570				no
3770	F	11573				no
3771	I	11576				no
3772	T	11579				no
3773	G	11582				no
3774	N	11585				no
3775	T	11588				no
3776	L	11591				no
3777	Q	11594				no
3778	C	11597				no
3779	I	11600				no
3780	M	11603				no
3781	L	11606				no
3782	V	11609				no
3783	Y	11612				no
3784	C	11615				no
3785	F	11618				no
3786	L	11621				no
3787	G	11624				no
3788	Y	11627				no
3789	F	11630				no
3790	C	11633				no
3791	T	11636				no
3792	C	11639				no
3793	Y	11642				no
3794	F	11645				no
3795	G	11648				no
3796	L	11651				no
3797	F	11654				no
3798	C	11657				no
3799	L	11660				no
3800	L	11663				no
3801	N	11666				no
3802	R	11669				no
3803	Y	11672				no
3804	F	11675				no
3805	R	11678				no
3806	L	11681				no
3807	T	11684				no
3808	L	11687				no
3809	G	11690				no
3810	V	11693				no
3811	Y	11696				no
3812	D	11699				no
3813	Y	11702				no
3814	L	11705				no
3815	V	11708				no
3816	S	11711				no
3817	T	11714				no
3818	Q	11717				no
3819	E	11720				no
3820	F	11723				no
3821	R	11726				no
3822	Y	11729				no
3823	M	11732				no
3824	N	11735				no
3825	S	11738				no
3826	Q	11741				no
3827	G	11744				no
3828	L	11747				no
3829	L	11750				no
3830	P	11753				no
3831	P	11756				no
3832	K	11759				no
3833	N	11762				no
3834	S	11765				no
3835	I	11768				no
3836	D	11771				no
3837	A	11774				no
3838	F	11777				no
3839	K	11780				no
3840	L	11783				no
3841	N	11786				no
3842	I	11789				no
3843	K	11792				no
3844	L	11795				no
3845	L	11798				no
3846	G	11801				no
3847	V	11804				no
3848	G	11807				no
3849	G	11810				no
3850	K	11813				no
3851	P	11816				no
3852	C	11819				no
3853	I	11822				no
3854	K	11825				no
3855	V	11828				no
3856	A	11831				no
3857	T	11834				no
3858	V	11837				no
3859	Q	11840				no
3860	S	11843				no
3861	K	11846				no
3862	M	11849				no
3863	S	11852				no
3864	D	11855				no
3865	V	11858				no
3866	K	11861				no
3867	C	11864				no
3868	T	11867				no
3869	S	11870				no
3870	V	11873				no
3871	V	11876				no
3872	L	11879				no
3873	L	11882				no
3874	S	11885				no
3875	V	11888				no
3876	L	11891				no
3877	Q	11894				no
3878	Q	11897				no
3879	L	11900				no
3880	R	11903				no
3881	V	11906				no
3882	E	11909				no
3883	S	11912				no
3884	S	11915				no
3885	S	11918				no
3886	K	11921				no
3887	L	11924				no
3888	W	11927				no
3889	A	11930				no
3890	Q	11933				no
3891	C	11936				no
3892	V	11939				no
3893	Q	11942				no
3894	L	11945				no
3895	H	11948				no
3896	N	11951				no
3897	D	11954				no
3898	I	11957				no
3899	L	11960				no
3900	L	11963				no
3901	A	11966				no
3902	K	11969				no
3903	D	11972				no
3904	T	11975				no
3905	T	11978				no
3906	E	11981				no
3907	A	11984				no
3908	F	11987				no
3909	E	11990				no
3910	K	11993				no
3911	M	11996				no
3912	V	11999				no
3913	S	12002				no
3914	L	12005				no
3915	L	12008				no
3916	S	12011				no
3917	V	12014				no
3918	L	12017				no
3919	L	12020				no
3920	S	12023				no
3921	M	12026				no
3922	Q	12029				no
3923	G	12032				no
3924	A	12035				no
3925	V	12038				no
3926	D	12041				no
3927	I	12044				no
3928	N	12047				no
3929	K	12050				no
3930	L	12053				no
3931	C	12056				no
3932	E	12059				no
3933	E	12062				no
3934	M	12065				no
3935	L	12068				no
3936	D	12071				no
3937	N	12074				no
3938	R	12077				no
3939	A	12080				no
3940	T	12083				no
3941	L	12086				no
3942	Q	12089				no
3943	A	12092				no
3944	I	12095				no
3945	A	12098				no
3946	S	12101				no
3947	E	12104				no
3948	F	12107				no
3949	S	12110				no
3950	S	12113				no
3951	L	12116				no
3952	P	12119				no
3953	S	12122				no
3954	Y	12125				no
3955	A	12128				no
3956	A	12131				no
3957	F	12134				no
3958	A	12137				no
3959	T	12140				no
3960	A	12143				no
3961	Q	12146				no
3962	E	12149				no
3963	A	12152				no
3964	Y	12155				no
3965	E	12158				no
3966	Q	12161				no
3967	A	12164				no
3968	V	12167				no
3969	A	12170				no
3970	N	12173				no
3971	G	12176				no
3972	D	12179				no
3973	S	12182				no
3974	E	12185				no
3975	V	12188				no
3976	V	12191				no
3977	L	12194				no
3978	K	12197				no
3979	K	12200				no
3980	L	12203				no
3981	K	12206				no
3982	K	12209				no
3983	S	12212				no
3984	L	12215				no
3985	N	12218				no
3986	V	12221				no
3987	A	12224				no
3988	K	12227				no
3989	S	12230				no
3990	E	12233				no
3991	F	12236				no
3992	D	12239				no
3993	R	12242				no
3994	D	12245				no
3995	A	12248				no
3996	A	12251				no
3997	M	12254				no
3998	Q	12257				no
3999	R	12260				no
4000	K	12263				no
4001	L	12266				no
4002	E	12269				no
4003	K	12272				no
4004	M	12275				no
4005	A	12278				no
4006	D	12281				no
4007	Q	12284				no
4008	A	12287				no
4009	M	12290				no
4010	T	12293				no
4011	Q	12296				no
4012	M	12299				no
4013	Y	12302				no
4014	K	12305				no
4015	Q	12308				no
4016	A	12311				no
4017	R	12314				no
4018	S	12317				no
4019	E	12320				no
4020	D	12323				no
4021	K	12326				no
4022	R	12329				no
4023	A	12332				no
4024	K	12335				no
4025	V	12338				no
4026	T	12341				no
4027	S	12344				no
4028	A	12347				no
4029	M	12350				no
4030	Q	12353				no
4031	T	12356				no
4032	M	12359				no
4033	L	12362				no
4034	F	12365				no
4035	T	12368				no
4036	M	12371				no
4037	L	12374				no
4038	R	12377				no
4039	K	12380				no
4040	L	12383				no
4041	D	12386				no
4042	N	12389				no
4043	D	12392				no
4044	A	12395				no
4045	L	12398				no
4046	N	12401				no
4047	N	12404				no
4048	I	12407				no
4049	I	12410				no
4050	N	12413				no
4051	N	12416				no
4052	A	12419				no
4053	R	12422				no
4054	D	12425				no
4055	G	12428				no
4056	C	12431				no
4057	V	12434				no
4058	P	12437				no
4059	L	12440				no
4060	N	12443				no
4061	I	12446				no
4062	I	12449				no
4063	P	12452				no
4064	L	12455				no
4065	T	12458				no
4066	T	12461				no
4067	A	12464				no
4068	A	12467				no
4069	K	12470				no
4070	L	12473				no
4071	M	12476				no
4072	V	12479				no
4073	V	12482				no
4074	I	12485				no
4075	P	12488				no
4076	D	12491				no
4077	Y	12494				no
4078	N	12497				no
4079	T	12500				no
4080	Y	12503				no
4081	K	12506				no
4082	N	12509				no
4083	T	12512				no
4084	C	12515				no
4085	D	12518				no
4086	G	12521				no
4087	T	12524				no
4088	T	12527				no
4089	F	12530				no
4090	T	12533				no
4091	Y	12536				no
4092	A	12539				no
4093	S	12542				no
4094	A	12545				no
4095	L	12548				no
4096	W	12551				no
4097	E	12554				no
4098	I	12557				no
4099	Q	12560				no
4100	Q	12563				no
4101	V	12566				no
4102	V	12569				no
4103	D	12572				no
4104	A	12575				no
4105	D	12578				no
4106	S	12581				no
4107	K	12584				no
4108	I	12587				no
4109	V	12590				no
4110	Q	12593				no
4111	L	12596				no
4112	S	12599				no
4113	E	12602				no
4114	I	12605				no
4115	S	12608				no
4116	M	12611				no
4117	D	12614				no
4118	N	12617				no
4119	S	12620				no
4120	P	12623				no
4121	N	12626				no
4122	L	12629				no
4123	A	12632				no
4124	W	12635				no
4125	P	12638				no
4126	L	12641				no
4127	I	12644				no
4128	V	12647				no
4129	T	12650				no
4130	A	12653				no
4131	L	12656				no
4132	R	12659				no
4133	A	12662				no
4134	N	12665				no
4135	S	12668				no
4136	A	12671				no
4137	V	12674				no
4138	K	12677				no
4139	L	12680				no
4140	Q	12683				no
4141	N	12686				no
4142	N	12689				no
4143	E	12692				no
4144	L	12695				no
4145	S	12698				no
4146	P	12701				no
4147	V	12704				no
4148	A	12707				no
4149	L	12710				no
4150	R	12713				no
4151	Q	12716				no
4152	M	12719				no
4153	S	12722				no
4154	C	12725				no
4155	A	12728				no
4156	A	12731				no
4157	G	12734				no
4158	T	12737				no
4159	T	12740				no
4160	Q	12743				no
4161	T	12746				no
4162	A	12749				no
4163	C	12752				no
4164	T	12755				no
4165	D	12758				no
4166	D	12761				no
4167	N	12764				no
4168	A	12767				no
4169	L	12770				no
4170	A	12773				no
4171	Y	12776				no
4172	Y	12779				no
4173	N	12782				no
4174	T	12785				no
4175	T	12788				no
4176	K	12791				no
4177	G	12794				no
4178	G	12797				no
4179	R	12800				no
4180	F	12803				no
4181	V	12806				no
4182	L	12809				no
4183	A	12812				no
4184	L	12815				no
4185	L	12818				no
4186	S	12821				no
4187	D	12824				no
4188	L	12827				no
4189	Q	12830				no
4190	D	12833				no
4191	L	12836				no
4192	K	12839				no
4193	W	12842				no
4194	A	12845				no
4195	R	12848				no
4196	F	12851				no
4197	P	12854				no
4198	K	12857				no
4199	S	12860				no
4200	D	12863				no
4201	G	12866				no
4202	T	12869				no
4203	G	12872				no
4204	T	12875				no
4205	I	12878				no
4206	Y	12881				no
4207	T	12884				no
4208	E	12887				no
4209	L	12890				no
4210	E	12893				no
4211	P	12896				no
4212	P	12899				no
4213	C	12902				no
4214	R	12905				no
4215	F	12908				no
4216	V	12911				no
4217	T	12914				no
4218	D	12917				no
4219	T	12920				no
4220	P	12923				no
4221	K	12926				no
4222	G	12929				no
4223	P	12932				no
4224	K	12935				no
4225	V	12938				no
4226	K	12941				no
4227	Y	12944				no
4228	L	12947				no
4229	Y	12950				no
4230	F	12953				no
4231	I	12956				no
4232	K	12959				no
4233	G	12962				no
4234	L	12965				no
4235	N	12968				no
4236	N	12971				no
4237	L	12974				no
4238	N	12977				no
4239	R	12980				no
4240	G	12983				no
4241	M	12986				no
4242	V	12989				no
4243	L	12992				no
4244	G	12995				no
4245	S	12998				no
4246	L	13001				no
4247	A	13004				no
4248	A	13007				no
4249	T	13010				no
4250	V	13013				no
4251	R	13016				no
4252	L	13019				no
4253	Q	13022				no
4254	A	13025				no
4255	G	13028				no
4256	N	13031				no
4257	A	13034				no
4258	T	13037				no
4259	E	13040				no
4260	V	13043				no
4261	P	13046				no
4262	A	13049				no
4263	N	13052				no
4264	S	13055				no
4265	T	13058				no
4266	V	13061				no
4267	L	13064				no
4268	S	13067				no
4269	F	13070				no
4270	C	13073				no
4271	A	13076				no
4272	F	13079				no
4273	A	13082				no
4274	V	13085				no
4275	D	13088				no
4276	A	13091				no
4277	A	13094				no
4278	K	13097				no
4279	A	13100				no
4280	Y	13103				no
4281	K	13106				no
4282	D	13109				no
4283	Y	13112				no
4284	L	13115				no
4285	A	13118				no
4286	S	13121				no
4287	G	13124				no
4288	G	13127				no
4289	Q	13130				no
4290	P	13133				no
4291	I	13136				no
4292	T	13139				no
4293	N	13142				no
4294	C	13145				no
4295	V	13148				no
4296	K	13151				no
4297	M	13154				no
4298	L	13157				no
4299	C	13160				no
4300	T	13163				no
4301	H	13166				no
4302	T	13169				no
4303	G	13172				no
4304	T	13175				no
4305	G	13178				no
4306	Q	13181				no
4307	A	13184				no
4308	I	13187				no
4309	T	13190				no
4310	V	13193				no
4311	T	13196				no
4312	P	13199				no
4313	E	13202				no
4314	A	13205				no
4315	N	13208				no
4316	M	13211				no
4317	D	13214				no
4318	Q	13217				no
4319	E	13220				no
4320	S	13223				no
4321	F	13226				no
4322	G	13229				no
4323	G	13232				no
4324	A	13235				no
4325	S	13238				no
4326	C	13241				no
4327	C	13244				no
4328	L	13247				no
4329	Y	13250				no
4330	C	13253				no
4331	R	13256				no
4332	C	13259				no
4333	H	13262				no
4334	I	13265				no
4335	D	13268				no
4336	H	13271				no
4337	P	13274				no
4338	N	13277				no
4339	P	13280				no
4340	K	13283				no
4341	G	13286				no
4342	F	13289				no
4343	C	13292				no
4344	D	13295				no
4345	L	13298				no
4346	K	13301				no
4347	G	13304				no
4348	K	13307				no
4349	Y	13310				no
4350	V	13313				no
4351	Q	13316				no
4352	I	13319				no
4353	P	13322				no
4354	T	13325				no
4355	T	13328				no
4356	C	13331				no
4357	A	13334				no
4358	N	13337				no
4359	D	13340				no
4360	P	13343				no
4361	V	13346				no
4362	G	13349				no
4363	F	13352				no
4364	T	13355				no
4365	L	13358				no
4366	K	13361				no
4367	N	13364				no
4368	T	13367				no
4369	V	13370				no
4370	C	13373				no
4371	T	13376				no
4372	V	13379				no
4373	C	13382				no
4374	G	13385				no
4375	M	13388				no
4376	W	13391				no
4377	K	13394				no
4378	G	13397				no
4379	Y	13400				no
4380	G	13403				no
4381	C	13406				no
4382	S	13409				no
4383	C	13412				no
4384	D	13415				no
4385	Q	13418				no
4386	L	13421				no
4387	R	13424				no
4388	E	13427				no
4389	P	13430				no
4390	M	13433				no
4391	L	13436				no
4392	Q	13439				no
4393	S	13442				no
4394	A	13445				no
4395	D	13448				no
4396	A	13451				no
4397	Q	13454				no
4398	S	13457				no
4399	F	13460				no
4400	L	13463				no
4401	N	13466				no
4402	G	13469				no
4403	F	13472				no
4404	A	13475				no
4405	V	13478				no