POS	REF	ALT	AF	type	MainFeat	MainResidue	Main_ref_codon	Main_alt_codon	Main_ref_residue	Main_alt_residue	SecondFeat	SecondResidue	Second_ref_codon	Second_alt_codon	Second_ref_residue	Second_alt_residue	Genomic_coord_end	Genomic_coord_start	NbSample	MeanAF	Annotation	Impact	Reference
12106	G	T	0.231481	S	ORF1a	3947	GAG	GAT	E	D	nsp8	5	GAG	GAT	E	D	12106	12104	2	0.159309			
12120	C	T	0.050562	S	ORF1a	3952	CCA	CTA	P	L	nsp8	10	CCA	CTA	P	L	12121	12119	1	0.050562			
12132	C	T	0.082569	S	ORF1a	3956	GCT	GTT	A	V	nsp8	14	GCT	GTT	A	V	12133	12131	1	0.082569			
12141	C	T	0.07653100000000000	S	ORF1a	3959	ACT	ATT	T	I	nsp8	17	ACT	ATT	T	I	12142	12140	1	0.07653100000000000			
12160	G	T	0.06437800000000000	S	ORF1a	3965	GAG	GAT	E	D	nsp8	23	GAG	GAT	E	D	12160	12158	1	0.06437800000000000			
12164	G	T	0.226244	S	ORF1a	3967	GCT	TCT	A	S	nsp8	25	GCT	TCT	A	S	12166	12164	8	0.19694875			
12177	G	A	0.07781	S	ORF1a	3971	GGT	GAT	G	D	nsp8	29	GGT	GAT	G	D	12178	12176	1	0.07781			
12183	C	G	0.059701	S	ORF1a	3973	TCT	TGT	S	C	nsp8	31	TCT	TGT	S	C	12184	12182	1	0.059701			
12213	C	T	0.050562	S	ORF1a	3983	TCT	TTT	S	F	nsp8	41	TCT	TTT	S	F	12214	12212	1	0.050562			
12242	C	T	0.055901	S	ORF1a	3993	CGT	TGT	R	C	nsp8	51	CGT	TGT	R	C	12244	12242	1	0.055901	Interaction with RNA 		10.1101/2020.04.27.063180
12248	G	T	0.137363	S	ORF1a	3995	GCA	TCA	A	S	nsp8	53	GCA	TCA	A	S	12250	12248	1	0.137363			
12258	A	G	0.128117	S	ORF1a	3998	CAA	CGA	Q	R	nsp8	56	CAA	CGA	Q	R	12259	12257	1	0.128117			
12274	G	T	0.995215	S	ORF1a	4003	AAG	AAT	K	N	nsp8	61	AAG	AAT	K	N	12274	12272	1	0.995215	Interaction with RNA 		10.1101/2020.04.27.063180
12282	A	C	0.169811	S	ORF1a	4006	GAT	GCT	D	A	nsp8	64	GAT	GCT	D	A	12283	12281	1	0.169811			
12288	C	T	0.052133000000000000	S	ORF1a	4008	GCT	GTT	A	V	nsp8	66	GCT	GTT	A	V	12289	12287	1	0.052133000000000000			
12339	T	C	0.088889	S	ORF1a	4025	GTT	GCT	V	A	nsp8	83	GTT	GCT	V	A	12340	12338	1	0.088889	"head domain, interact with nsp12 interface domain"		
12357	C	T	0.5960260000000000	S	ORF1a	4031	ACA	ATA	T	I	nsp8	89	ACA	ATA	T	I	12358	12356	1	0.5960260000000000	"head domain, interact with nsp12 interface domain"		
12398	C	T	0.208333	S	ORF1a	4045	CTC	TTC	L	F	nsp8	103	CTC	TTC	L	F	12400	12398	1	0.208333	"head domain, interact with nsp12 interface domain"		
12413	A	C	0.09375	S	ORF1a	4050	AAC	CAC	N	H	nsp8	108	AAC	CAC	N	H	12415	12413	1	0.09375	"head domain, interact with nsp12 interface domain"		
12450	T	C	0.128358	S	ORF1a	4062	ATA	ACA	I	T	nsp8	120	ATA	ACA	I	T	12451	12449	1	0.128358	"Hydrogen bond with nsp12 190, helix, head domain"	"Mutation in nsp12 190 is detrimental to rna binding, a loss of hydrogen bond on nsp8 could have a similar impact."	
12491	G	T	0.104972	S	ORF1a	4076	GAC	TAC	D	Y	nsp8	134	GAC	TAC	D	Y	12493	12491	1	0.104972	"head domain, interact with nsp12 interface domain"		
12495	A	C	0.761905	S	ORF1a	4077	TAT	TCT	Y	S	nsp8	135	TAT	TCT	Y	S	12496	12494	1	0.761905	"head domain, interact with nsp12 interface domain"		
12496	T	A	0.703704	S	ORF1a	4077	TAT	TAA	Y	*	nsp8	135	TAT	TAA	Y	*	12496	12494	1	0.703704	"head domain, interact with nsp12 interface domain"		
12565	G	C	0.224364	S	ORF1a	4100	CAG	CAC	Q	H	nsp8	158	CAG	CAC	Q	H	12565	12563	1	0.224364	"head domain, interact with nsp12 interface domain"		
12578	G	T	0.069231	S	ORF1a	4105	GAT	TAT	D	Y	nsp8	163	GAT	TAT	D	Y	12580	12578	1	0.069231	"head domain, interact with nsp12 interface domain"		
12614	G	T	0.052434	S	ORF1a	4117	GAC	TAC	D	Y	nsp8	175	GAC	TAC	D	Y	12616	12614	1	0.052434	"head domain, interact with nsp12 interface domain"		